v,Feature importance based on training set,Feature importance based on test set,Subtypes,colors
SpMAD_Dzpe,2.8568743305479316e-06,-6.224621426076382e-07,Matrix,#ff00ed
SpMAD_Dzse,-3.7021765654232652e-06,-9.088353677300098e-06,Matrix,#ff00ed
SpMAD_DzZ,-4.254281520843506e-06,-1.1274760419732743e-05,Matrix,#ff00ed
SpMAD_Dzp,-2.6360662145341607e-06,-1.2120739980248096e-05,Matrix,#ff00ed
SpMAD_Dzare,-7.67071138829678e-08,-3.698197278412252e-07,Matrix,#ff00ed
SpMAD_D,-3.581019965004373e-06,-5.850060419643199e-06,Matrix,#ff00ed
AATS5m,6.09084963798523e-07,-2.1268020977682767e-07,Autocorr,#bfff00
AATS5Z,4.366209561679213e-07,1.2279911474344374e-06,Autocorr,#bfff00
AATS2Z,4.011375660306626e-06,4.2258338494027825e-06,Autocorr,#bfff00
MIC3,-2.8782439502772483e-05,-6.546080112457275e-05,InfoContent,#ff0082
MIC4,0.00015294136987498153,0.0001580830324778848,InfoContent,#ff0082
MIC2,0.00012208030305127515,-0.00010514191605837109,InfoContent,#ff0082
AATS3d,0.0002870325168425891,-0.0002778585661541433,Autocorr,#bfff00
AATS2d,0.0003180813721636033,-0.0005076006054878235,Autocorr,#bfff00
AATS1d,-3.7925571880537134e-05,-0.001584871926091025,Autocorr,#bfff00
AATS1v,0.0004965626549991997,-0.0005058768120679291,Autocorr,#bfff00
AATS1p,0.0001031068069013985,7.947737520330733e-06,Autocorr,#bfff00
AATS5p,0.00039552770216355615,0.00044646994634101045,Autocorr,#bfff00
AATS6d,0.0007248004390435492,6.8430196155100376e-06,Autocorr,#bfff00
MINaaCH,0.007768971422179249,0.00527795065533021,Estate,#6568f7
IndexIpc,0.0029153033921665017,0.0004136873917145456,Topology,#00ff1b
IndexHarary,0.006180193529210398,0.004151722924275791,Topology,#00ff1b
CIC0,0.0032666410234841736,0.002554281868717867,InfoContent,#ff0082
IndexPolarity,0.007706663063304031,0.005022989755327001,Topology,#00ff1b
IndexPogliani,0.003948770040138272,0.0029788112098519948,Topology,#00ff1b
IndexPlatt,0.005418124016035697,0.0024158175696025186,Topology,#00ff1b
IndexZagreb2,0.003926032900132936,0.0018223842436616566,Topology,#00ff1b
SIC0,0.0012153324417093492,0.0003273568370124602,InfoContent,#ff0082
IC0,0.002630032260309556,0.001663689586249184,InfoContent,#ff0082
AATS0pe,0.000943572175773788,-0.0008485723625530905,Autocorr,#bfff00
AATS0are,0.000581888312643275,-0.0005218014121055603,Autocorr,#bfff00
GATS8i,-7.416807453741736e-05,-0.00015656446868728136,Autocorr,#bfff00
GATS7d,0.0006005707281557804,0.000405922532081604,Autocorr,#bfff00
GATS8Z,8.796697313140367e-05,8.799745277920934e-05,Autocorr,#bfff00
VR2_DzZ,4.924486645252468e-05,-0.00018540295687596853,Matrix,#ff00ed
VR2_Dzse,0.0002869227054445034,0.00038463215936312967,Matrix,#ff00ed
VR2_Dt,0.0002848898822611634,0.00040958279913116957,Matrix,#ff00ed
SpMAD_Dzv,3.5566362468486545e-06,1.0518865151132317e-06,Matrix,#ff00ed
SpMAD_Dzm,2.171759578395438e-06,1.242892308628285e-06,Matrix,#ff00ed
SpMAD_Dzi,9.654428471228549e-06,2.1736052903231773e-05,Matrix,#ff00ed
SpAbs_A,3.750520673695412e-06,5.079941315377923e-07,Matrix,#ff00ed
VE3_Dzi,1.4483505352047565e-05,-4.949420690536499e-05,Matrix,#ff00ed
AATS7Z,1.6110187227580397e-06,2.5000084529214206e-06,Autocorr,#bfff00
AATS3m,-1.2174926020680488e-06,-2.977522936764565e-06,Autocorr,#bfff00
AATS6Z,2.1135942502858995e-06,-2.3516741666229635e-06,Autocorr,#bfff00
AATS2m,1.6845932061526625e-06,6.854534149169922e-07,Autocorr,#bfff00
AATS1Z,3.1548975544248847e-06,9.461560032564265e-06,Autocorr,#bfff00
MIC5,7.067451422870796e-05,-0.0001358924941583517,InfoContent,#ff0082
MIC1,6.310506300499785e-05,-0.00012053752487362068,InfoContent,#ff0082
AATS0v,5.070534958084849e-05,-8.307397365570068e-06,Autocorr,#bfff00
AATS3v,0.0003488169644366712,-0.0006264272061261567,Autocorr,#bfff00
AATS3p,0.00013061054050922394,5.454231392243436e-05,Autocorr,#bfff00
AATS4p,5.056387321522582e-05,7.135014642367654e-05,Autocorr,#bfff00
AATS5v,0.0008169387213209367,-2.1243637258416825e-05,Autocorr,#bfff00
AATS5d,0.0016606668518348577,0.000915815884416693,Autocorr,#bfff00
AATS7d,0.0009035610339859224,-0.0004023327068849447,Autocorr,#bfff00
MAXaaCH,0.00900045485997747,0.0065141814676197285,Estate,#6568f7
MINaasC,0.007221230559728453,0.003096553412350711,Estate,#6568f7
IndexGutmanTopo,0.0036823827434669942,0.001106650314547708,Topology,#00ff1b
IndexGraphDistance,0.0027669608931649714,0.0014522820711135864,Topology,#00ff1b
IndexMZagreb1,0.006766387261450291,0.0032702447338537333,Topology,#00ff1b
IndexZagreb1,0.0070492561737245385,0.003964472223411897,Topology,#00ff1b
IndexBertzCT,0.002853953872214654,0.0006490668112580922,Topology,#00ff1b
SIC1,0.001580823720856217,-0.0029460808092898194,InfoContent,#ff0082
BIC0,7.421777329663648e-05,-0.00029716166582982595,InfoContent,#ff0082
AATSC0i,0.00021203869784425233,5.000287836243178e-05,Autocorr,#bfff00
AATS4pe,0.0011136089874940192,-0.0005008483474905345,Autocorr,#bfff00
AATS4are,0.0007621431723237038,-0.0003569010983814902,Autocorr,#bfff00
AATS6pe,0.0009900006380948456,0.00048116459087887975,Autocorr,#bfff00
GATS8v,0.00012243877757678323,-5.850737745116685e-05,Autocorr,#bfff00
GATS8p,5.193791267554815e-05,4.702874205320118e-05,Autocorr,#bfff00
AATS8are,0.0014140733771703662,0.0012961314483121988,Autocorr,#bfff00
VR2_Dzm,0.00012753819200128635,7.763504981994629e-05,Matrix,#ff00ed
VR2_D,0.0001764819872650536,0.00012902983210294483,Matrix,#ff00ed
VE3_Dt,-6.3662586564317e-05,-0.0001769634810361298,Matrix,#ff00ed
VR3_A,6.069717082113346e-05,7.5511634349823e-05,Matrix,#ff00ed
VE3_A,-8.288737047801309e-05,-0.0003056173974818055,Matrix,#ff00ed
SpAD_A,1.1115165596708998e-05,9.457496079501304e-06,Matrix,#ff00ed
Xp-0d,2.5417486375634013e-06,9.875405918458036e-06,Connectivity,#4fff00
AATS7m,-9.695068001747131e-07,-2.3489648646179973e-06,Autocorr,#bfff00
AATS8m,2.0662661303072483e-06,3.519383343753013e-06,Autocorr,#bfff00
AATS4Z,1.7229467630386353e-07,-3.3791769634694546e-06,Autocorr,#bfff00
AATS3Z,1.1039813133884024e-05,1.9357963041755077e-05,Autocorr,#bfff00
AATS1m,1.2910416857803142e-05,2.112645994523099e-05,Autocorr,#bfff00
MIC0,3.558744422416105e-05,-8.457831361086132e-05,InfoContent,#ff0082
AATS0p,-1.3461844416973179e-08,8.392063053364041e-07,Autocorr,#bfff00
AATS0d,0.0001215400512922793,-0.0011877180500464712,Autocorr,#bfff00
AATS2v,0.0005124899643389469,-0.0006809492002834983,Autocorr,#bfff00
AATS2p,6.523169577121735e-05,-0.00013632327318191528,Autocorr,#bfff00
AATS6p,7.017143070697784e-05,-2.938712185085457e-05,Autocorr,#bfff00
AATS7p,0.0002200472253290897,0.00018230080604553223,Autocorr,#bfff00
AATS7v,0.0014822734519839287,0.0017337033694440063,Autocorr,#bfff00
AATS8d,0.00032681963321845586,-0.001651363616639978,Autocorr,#bfff00
MAXaasC,0.011647896333174312,0.00995023413137952,Estate,#6568f7
GATS8d,0.00019644378599803503,-0.001153399321165982,Autocorr,#bfff00
IndexWeiner,0.0011780608276075188,0.00041084397922852567,Topology,#00ff1b
IndexSchiultz,0.0037900592962449853,0.0015611262484029886,Topology,#00ff1b
IC4,0.006593457846479023,0.005844576114957922,InfoContent,#ff0082
IC5,0.0040823204273527924,0.0009660239924083047,InfoContent,#ff0082
IC1,0.0025578931989995723,-0.0022905265743082825,InfoContent,#ff0082
BIC2,0.001175598749383,7.110359993844906e-05,InfoContent,#ff0082
BIC1,0.0005390744825656268,-0.000711298801682303,InfoContent,#ff0082
AATSC0d,0.0007137557999654653,0.00021136823025613705,Autocorr,#bfff00
AATS3pe,0.0018237325447527652,0.0009272084994749186,Autocorr,#bfff00
AATS3are,0.0006021803922274804,-0.0010904066941955781,Autocorr,#bfff00
AATS6are,0.0006740588525480096,-0.0002088011665778433,Autocorr,#bfff00
GATS8m,0.00015817777338356098,0.00018488886681466976,Autocorr,#bfff00
AATS8pe,0.0034617502242326736,0.004075462845238742,Autocorr,#bfff00
GATS8c,0.0004282225431366804,0.0005147355523975605,Autocorr,#bfff00
VR2_Dzv,0.00030177171257417257,0.00040298023007123707,Matrix,#ff00ed
VR2_Dzi,0.0003368689424613214,0.00031860037283459874,Matrix,#ff00ed
VE3_Dzp,0.00012323158708493764,0.00013117966326792185,Matrix,#ff00ed
VE3_DzZ,0.00010754041035065942,8.176470344711806e-05,Matrix,#ff00ed
VE3_Dzpe,0.000242649323560995,0.000402203337712681,Matrix,#ff00ed
VE3_Dzm,0.00031932934441358807,0.0002921779047359019,Matrix,#ff00ed
AATS3dv,6.416863338520873e-05,0.00011045824397692972,Autocorr,#bfff00
AATS1dv,2.8415921736857364e-05,-5.5512244051203474e-05,Autocorr,#bfff00
AATS6m,1.798976551392606e-06,5.6096098639546454e-06,Autocorr,#bfff00
AATS8Z,2.6128678159986762e-06,7.135624235266036e-06,Autocorr,#bfff00
AATS4m,-4.30355695080209e-07,4.6308745036416354e-06,Autocorr,#bfff00
AATS0Z,1.4896927910124091e-06,-1.078302210077986e-06,Autocorr,#bfff00
AATS0m,-2.853487702902946e-06,-1.1158937757715925e-05,Autocorr,#bfff00
MINsI,0.0008471922271631183,0.00044800612059503475,Estate,#6568f7
MAXsI,0.0010710246860980988,0.0006435892798682952,Estate,#6568f7
AATS4v,0.00040061873468488773,-0.0008696886626157196,Autocorr,#bfff00
AATS4d,0.0006514620035886765,-0.0004964105107567729,Autocorr,#bfff00
AATS6v,0.0009835020385006166,0.0007649389180269806,Autocorr,#bfff00
AATS8v,0.0007457711987874927,-2.426450902770494e-05,Autocorr,#bfff00
AATS8p,0.00015432218259037178,0.00011880086226889741,Autocorr,#bfff00
MolUnsaturationIndex,0.0039932410317389255,0.0011266300624066528,Property,#ff6a00
UniqueSubgraphsOfLength1,0.008585986850613958,0.00791770490733057,Path,#00fff6
UniqueSubgraphsOfLength5,0.0017204800282012433,0.0024143396453423227,Path,#00fff6
IndexXu,0.0001351582733067902,0.0001869282939216399,Topology,#00ff1b
IndexRadius,0.00023067319257696894,-0.00010399114001891085,Topology,#00ff1b
IC3,0.0044661848382516744,-7.927756417891452e-05,InfoContent,#ff0082
SIC2,0.0064589002762328596,-0.0027283260768110607,InfoContent,#ff0082
BIC3,0.0022511185062202843,-0.0007260523059151591,InfoContent,#ff0082
SIC3,0.005625345998189757,-0.0016456591812047394,InfoContent,#ff0082
PChargeRelative,0.001285143958574042,0.00020778788761655065,Charge,#0033ff
AATS2pe,0.0020432573827831035,-0.0003983344544064016,Autocorr,#bfff00
AATS5pe,0.001235690899193287,-0.00026030567559331974,Autocorr,#bfff00
AATS2are,0.0012858968058770959,-0.0004471601410346304,Autocorr,#bfff00
AATS0se,0.0011183201250705155,-0.0011660449884155488,Autocorr,#bfff00
AATS7are,0.0005474468185143744,-0.00022028251127770293,Autocorr,#bfff00
AATS8se,0.0025825040753592043,0.001854336397214329,Autocorr,#bfff00
GATS8pe,0.00034788140857766603,0.0004497705535454477,Autocorr,#bfff00
SpMAD_Dt,-0.00015587418932805353,-0.000417661937800351,Matrix,#ff00ed
VR2_Dzp,1.3659962199152886e-06,-0.0001094436103648011,Matrix,#ff00ed
VE3_D,6.542515686969175e-05,1.488355073053782e-05,Matrix,#ff00ed
VE3_Dzv,0.00013771754774183353,0.00024835088036267994,Matrix,#ff00ed
VE3_Dzare,0.00018486659973859787,0.0003065832636572896,Matrix,#ff00ed
AATS5dv,4.3958679519007227e-05,3.01552089777557e-05,Autocorr,#bfff00
AATS4dv,2.5041994046071103e-05,2.8386712074279785e-06,Autocorr,#bfff00
AATS2dv,-6.399405273516123e-05,-0.00020246817307045806,Autocorr,#bfff00
AATS1s,0.00013889567079872212,0.00024260038679291274,Autocorr,#bfff00
AATS4s,3.715282814076293e-05,1.6977841203802413e-05,Autocorr,#bfff00
SM1_Dzm,0.0016855828633363101,0.0013202340765432474,Matrix,#ff00ed
ATS0Z,5.052001639249681e-07,-1.7813660890819705e-07,Autocorr,#bfff00
ATSC0m,-9.927898645401e-07,6.3289295543222934e-06,Autocorr,#bfff00
ATSC0Z,2.2475353697037903e-06,7.758763703402671e-06,Autocorr,#bfff00
NsI,2.0167367031920236e-07,0.0,Estate,#6568f7
NumIodineAtoms,-1.043081283569336e-07,0.0,Constitution,#ffd500
MAXsBr,9.596661071886725e-05,0.00023842128840356747,Estate,#6568f7
NsBr,-1.8943101167678833e-06,-2.0041384480307123e-05,Estate,#6568f7
EState_VSA6,5.426232449035062e-05,-8.137930523266501e-05,MOE,#a700ff
UniqueSubgraphsOfLength2,0.00588980063118727,0.005605180832472634,Path,#00fff6
UniqueSubgraphsOfLength3,0.003495848060331652,0.004218826239759221,Path,#00fff6
UniqueSubgraphsOfLength4,0.0027122775262052867,0.0035136877135796274,Path,#00fff6
MAXaaN,0.002780171788551611,-0.0010310689156706188,Estate,#6568f7
MINaasN,0.026843762448565567,0.023396238007328707,Estate,#6568f7
IndexDiameter,0.0005502158945257518,-0.00012638893994421085,Topology,#00ff1b
IC2,0.004099842245605889,-0.002454102716662687,InfoContent,#ff0082
SIC4,0.0073289318348873644,-0.0014957995577292715,InfoContent,#ff0082
BIC4,0.003261299719187427,0.0005510070107199727,InfoContent,#ff0082
SIC5,0.00655090156942606,-0.0005553059957245088,InfoContent,#ff0082
GATS6d,0.0026433069936254716,0.002324415201490515,Autocorr,#bfff00
AATS5are,0.001976067030971751,0.0008939491076902506,Autocorr,#bfff00
AATS1pe,0.0027669701217251097,0.0010336529124865823,Autocorr,#bfff00
AATS3se,0.002285568043589592,0.0005800053477287292,Autocorr,#bfff00
AATS2se,0.0018198444423350724,0.000288547440008613,Autocorr,#bfff00
AATS7pe,0.000719252381135127,-0.0005955289710651845,Autocorr,#bfff00
GATS8dv,0.0011588710952888936,0.001535067504102483,Autocorr,#bfff00
GATS8se,0.0003175785426389188,0.0005057589574293253,Autocorr,#bfff00
GATS8s,0.0003934278237549549,0.0008140307935801117,Autocorr,#bfff00
VR2_Dzpe,0.00021320488303899765,0.00029485875909973647,Matrix,#ff00ed
VR1_Dzpe,-8.412382819233954e-07,-6.860630078819874e-06,Matrix,#ff00ed
VE3_Dzse,0.0002515020526269174,0.00038299912756134535,Matrix,#ff00ed
ATS1s,3.2774934715096293e-06,-2.221085808495893e-05,Autocorr,#bfff00
AATS7dv,3.98733060468226e-05,5.2699988538518205e-05,Autocorr,#bfff00
AATS8dv,-8.505176414153048e-06,-9.500641714443869e-05,Autocorr,#bfff00
AATS6dv,4.620460624049638e-05,3.376535393972979e-05,Autocorr,#bfff00
AATS3s,3.891997039318085e-05,4.7797506505742327e-05,Autocorr,#bfff00
AATS7s,2.525509758433131e-05,3.7367370995577964e-05,Autocorr,#bfff00
AATSC0dv,0.00028209997849037993,-0.0001415860923854595,Autocorr,#bfff00
SM1_DzZ,0.002552535723556182,0.001706544648517161,Matrix,#ff00ed
ATS0m,1.1926008897100715e-06,2.3008747533914686e-06,Autocorr,#bfff00
AATSC0Z,4.358081655109203e-06,-1.0900876738828558e-05,Autocorr,#bfff00
SsI,3.52560627190357e-05,8.169764822174574e-05,Estate,#6568f7
MAXsCl,0.00013572866605093825,-0.0002442794767293366,Estate,#6568f7
MINsBr,0.00017019869251688746,0.00038088858127593994,Estate,#6568f7
NumBromineAtoms,1.0809861123561859e-05,8.068165995855914e-05,Constitution,#ffd500
SsBr,2.6000832975547894e-07,3.553249619203669e-06,Estate,#6568f7
MINaaO,0.001411366699771488,-0.0005853758616881644,Estate,#6568f7
UniqueSubgraphsOfLength6,0.0005873289297927409,0.0005577159198847381,Path,#00fff6
5MemberedRings,0.0005041564899412876,-0.0003325471823866222,Constitution,#ffd500
MINaaN,0.003439872271635336,0.00031394443728705035,Estate,#6568f7
MAXaasN,0.019887893376025367,0.01565837724642316,Estate,#6568f7
MolQedWeightsMax,0.010090450756251812,0.003556361252611273,Property,#ff6a00
MolFpDensityMorgan3,0.01671620509163907,0.004520934413779765,Property,#ff6a00
BIC5,0.003791523250666562,-0.00012772598049859418,InfoContent,#ff0082
IndexHarmonicTopo,5.23222949017077e-05,-0.00021833384578884285,Topology,#00ff1b
IndexGeometricTopo,0.0025896160778674515,-0.0020848241719333416,Topology,#00ff1b
GATS5d,0.0009141831912777842,0.0007381622086871653,Autocorr,#bfff00
AATS1are,0.0034357599744743172,0.0010061555288054524,Autocorr,#bfff00
AATS1se,0.0030283871191469913,-0.0001374083486470612,Autocorr,#bfff00
AATS4se,0.0019729426977309616,0.0005947751077738372,Autocorr,#bfff00
GATS7m,-5.635297433892461e-05,-8.209659294655669e-05,Autocorr,#bfff00
GATS7Z,-1.6501681371128285e-05,-3.63669612191142e-05,Autocorr,#bfff00
AATS7se,0.0010615621947429599,-0.000401226634329066,Autocorr,#bfff00
GATS8are,0.0002937317741188439,0.0004508603702891856,Autocorr,#bfff00
VE2_D,0.0008179097521034961,0.0006136061115697977,Matrix,#ff00ed
VR2_Dzare,0.00024778489023447037,0.0002530698071826487,Matrix,#ff00ed
VR1_D,-7.920475167955132e-07,-1.2462789362732707e-06,Matrix,#ff00ed
CIC4,4.3173828585651997e-05,9.323521093884679e-05,InfoContent,#ff0082
SssCH2,9.251343594363082e-05,0.0001275756142355977,Estate,#6568f7
EState_VSA5,2.0762566815824e-06,-3.7727030841594456e-06,MOE,#a700ff
VSA_EState7,0.0004320143806664234,0.00019187683408905531,MOE,#a700ff
AATS0dv,5.929502235224593e-05,-1.8753111362457275e-05,Autocorr,#bfff00
AATS5s,2.726777033379424e-05,1.9828704270419273e-05,Autocorr,#bfff00
AATS2s,0.00011658990247687129,0.0001120723106643462,Autocorr,#bfff00
AATS0s,0.00013118499720643495,0.00010313025929709063,Autocorr,#bfff00
AATSC0se,2.5881877677047527e-05,1.2936239892735735e-05,Autocorr,#bfff00
AATSC0m,2.8542496941508233e-06,-5.444342439875349e-06,Autocorr,#bfff00
SlogP_VSA7,-3.0657445837523056e-07,0.0,MOE,#a700ff
MINsCl,9.803313084633114e-05,-0.00014096227559179386,Estate,#6568f7
NumChlorineAtoms,4.594637589061534e-06,7.675452665778515e-06,Constitution,#ffd500
SlogP_VSA10,1.3151121410537314e-05,2.3188238794102922e-05,MOE,#a700ff
NumHalogenAtoms,5.705366757813302e-06,2.2147866812538552e-05,Constitution,#ffd500
MINdO,0.00266899989748548,-0.0011786642399701508,Estate,#6568f7
NaaO,8.988744494597967e-05,-2.757663076580208e-05,Estate,#6568f7
fr_oxazole,5.697315050801066e-05,0.0,Fragment,#009eff
NumAromaticHeterocycles,-7.862817834713987e-06,-0.0022709742188453674,Constitution,#ffd500
SaaN,2.2279606624153736e-05,1.2956559658050537e-05,Estate,#6568f7
SaasN,0.00036582384597172446,-0.00010681491006514499,Estate,#6568f7
NaasN,2.4923800744813818e-05,3.0809505419227e-05,Estate,#6568f7
MolQedWeightsMean,0.008707680908793813,0.0023992955684661865,Property,#ff6a00
MolFpDensityMorgan1,0.0034539869732478357,-0.0007322606715289837,Property,#ff6a00
IndexAvgWeiner,-6.5895305434438e-07,7.220289923726142e-07,Topology,#00ff1b
GATS4v,0.000519599342210797,-0.0035078959031539236,Autocorr,#bfff00
IndexArithmeticTopo,0.004680799489671594,0.0010964138941330637,Topology,#00ff1b
GATS4Z,0.00015671864490618415,-0.0014898126775568787,Autocorr,#bfff00
GATS5Z,0.0002528920939023349,-0.0002495124936103821,Autocorr,#bfff00
GATS7v,0.00031853365627210195,0.00013577938079833984,Autocorr,#bfff00
AATS5se,0.001366826705634594,-0.0011302896521309114,Autocorr,#bfff00
AATS6se,0.0010816792703488565,-0.0006242665377530487,Autocorr,#bfff00
AATS8i,0.004896683110432232,0.004511913792653477,Autocorr,#bfff00
GATS7are,-7.198344577441507e-05,-0.0002023652195930481,Autocorr,#bfff00
IndexPetitjean,0.0006447703662244564,0.0006740648638118296,Topology,#00ff1b
SpMax_Dzp,1.4484606006837097e-06,4.1161071170359165e-06,Matrix,#ff00ed
VR1_Dzare,4.913573238063407e-06,9.558417580324274e-06,Matrix,#ff00ed
SpMax_Dt,-1.7180361530089172e-06,-7.611784068051186e-06,Matrix,#ff00ed
SlogP_VSA5,-4.1765584180009085e-07,3.933906555175781e-06,MOE,#a700ff
NssCH2,3.3045864918923584e-06,4.902482032775879e-06,Estate,#6568f7
NumRotatableBonds,-7.31816345989067e-06,-2.855739810259106e-05,Constitution,#ffd500
AcyclicDivalentNodes,-1.2175942009085006e-05,-2.914802594622401e-05,Constitution,#ffd500
AATS8s,3.4290450540486184e-05,1.0097568685307756e-05,Autocorr,#bfff00
AATS6s,4.1544945402649525e-05,5.689060146152336e-05,Autocorr,#bfff00
AATSC0pe,9.42090356892411e-05,-1.7358498139885548e-05,Autocorr,#bfff00
AATSC0are,0.0002091775902293147,0.00026615031740873096,Autocorr,#bfff00
SM1_Dzare,0.0016642175614833832,0.0005046440796417917,Matrix,#ff00ed
NsCl,1.5094198964060723e-06,4.039569334479687e-06,Estate,#6568f7
SsCl,-3.964894196295532e-07,1.1467120863972724e-06,Estate,#6568f7
MINsF,0.0005718817595731229,-0.0002714409069581869,Estate,#6568f7
NsF,1.0037964041087477e-06,-1.4278021726044088e-06,Estate,#6568f7
fr_aniline,0.00014474539255560082,0.000102605332027772,Fragment,#009eff
MAXdO,0.0021800591017712145,-0.0012958415529945588,Estate,#6568f7
SaaO,7.817750288685588e-05,8.064643903205049e-05,Estate,#6568f7
MAXaaO,0.0018293170089072053,-0.001309038563208187,Estate,#6568f7
NumCyclicNitrogenAtoms,-2.2897581485104013e-05,-0.0010036995465105836,Constitution,#ffd500
fr_Ar_N,4.4467435641792896e-05,-0.0009248764677481924,Fragment,#009eff
NaaN,4.170911217282747e-05,3.612854263990162e-05,Estate,#6568f7
fr_thiazole,0.0005902150984514742,0.0003166124224662781,Fragment,#009eff
PEOE_VSA5,5.550293082545732e-05,0.00011748752810736285,MOE,#a700ff
MolQedWeightsNone,0.02190760946409276,0.016575912860306796,Property,#ff6a00
GATS4i,0.0009121645919302201,-0.001661344685337851,Autocorr,#bfff00
GATS4p,0.0002106355333870713,-0.0016851303252307659,Autocorr,#bfff00
GATS4m,0.00023698993027210236,-0.0010612430897626313,Autocorr,#bfff00
GATS5p,0.0004955424334515124,2.7202069759368896e-05,Autocorr,#bfff00
GATS5m,0.0005379046567461909,-0.00046162307262420654,Autocorr,#bfff00
GATS6m,4.0715729654472455e-07,-0.00015097179196099653,Autocorr,#bfff00
GATS7p,3.755600614985255e-05,4.746290770440975e-05,Autocorr,#bfff00
GATS7i,0.00016520604152570062,9.854408827614236e-06,Autocorr,#bfff00
GATS7pe,-0.00014214200729667503,-0.00042700699784548046,Autocorr,#bfff00
NChargeRelative,0.0004120309075171802,0.00028588148680597225,Charge,#0033ff
VE2_Dzi,0.00039369037205527757,-0.00028138336810201725,Matrix,#ff00ed
DetourIndex,3.339214759146003e-07,2.0678747782998386e-06,Matrix,#ff00ed
VR1_Dzse,-2.4867159398311856e-06,-5.330551754445523e-07,Matrix,#ff00ed
SpAbs_Dt,-4.4898214657251856e-07,2.5318427518961073e-06,Matrix,#ff00ed
ATS3se,2.8449026021171164e-05,4.913183775812069e-05,Autocorr,#bfff00
CIC1,0.0006656264039603954,0.0011208741502327646,InfoContent,#ff0082
KappaAlapha3,-1.4562498429349091e-08,5.540522661773295e-07,Kappa,#00ff86
Kappa3,7.492913445261706e-08,-1.2218952178955078e-06,Kappa,#00ff86
fr_unbrch_alkane,1.04435126890845e-06,2.8955665500873806e-06,Fragment,#009eff
MAXssssN,0.0016203128986738147,0.0008562816814942087,Estate,#6568f7
AATSC0s,0.00018955496224493107,0.0001445073973048716,Autocorr,#bfff00
SsssB,0.0025628740814599427,0.0019195479425516693,Estate,#6568f7
SM1_Dzi,0.0022653978825970533,0.001150171865116456,Matrix,#ff00ed
ATSC0s,8.057633584246382e-06,4.613941365971819e-06,Autocorr,#bfff00
MAXsF,0.00041594449430704117,-0.0003850344907154746,Estate,#6568f7
fr_halogen,1.1932020160365653e-05,4.8499893058329135e-05,Fragment,#009eff
NumFluorineAtoms,6.318600340393665e-06,1.592595468857816e-05,Constitution,#ffd500
PEOE_VSA13,4.7926029021150285e-05,-3.320656039507153e-05,MOE,#a700ff
NdO,2.6515007696459314e-05,2.3766674778658015e-05,Estate,#6568f7
fr_ketone_Topliss,5.055650730023675e-05,0.00015687332911917817,Fragment,#009eff
fr_furan,1.003152944833996e-05,0.00017127191478549797,Fragment,#009eff
NumHeteroCycles,0.00021915578029374494,0.00010367618365714204,Constitution,#ffd500
fr_NH0,0.00015546296807855686,0.0003648711876435007,Fragment,#009eff
fr_imidazole,0.00032479612326086205,-0.00015197016976098432,Fragment,#009eff
MINaaS,0.005666475404392579,-0.00013357129963964542,Estate,#6568f7
MAXaaS,0.005312896164303527,-0.0022542490200563314,Estate,#6568f7
AATSC1d,0.0018741645088250491,-3.2582743601405895e-05,Autocorr,#bfff00
MATS1d,0.0008002716031941803,0.00024228339845477898,Autocorr,#bfff00
GATS4d,0.0022613496773622455,-0.00036536698991607164,Autocorr,#bfff00
GATS5i,0.0003655553710731896,-0.0008175894618034363,Autocorr,#bfff00
GATS5v,0.0006430957635695789,0.00023201311176468398,Autocorr,#bfff00
GATS6v,6.977892057469237e-05,-0.0003494762561538911,Autocorr,#bfff00
GATS6p,-4.800061949272738e-05,-7.510862567228216e-06,Autocorr,#bfff00
GATS6Z,-7.711096920659521e-06,-4.214251583278816e-05,Autocorr,#bfff00
GATS7c,0.00028142756359150756,0.00021959638053714592,Autocorr,#bfff00
GATS7se,2.727344293484979e-05,-5.7681040330437305e-05,Autocorr,#bfff00
VE2_DzZ,0.0005022559992292619,-2.2871250456080183e-05,Matrix,#ff00ed
VE2_A,0.0004444606602191925,-8.193471214990034e-05,Matrix,#ff00ed
SpAD_Dzp,1.4267015187030552e-06,2.808191559511286e-06,Matrix,#ff00ed
VR1_Dt,-4.320151426484564e-06,-2.6141378012600747e-05,Matrix,#ff00ed
ATS3are,-4.02890145778656e-06,-2.5607645511627197e-05,Autocorr,#bfff00
CIC2,0.00048063991760671776,0.0007382218133319407,InfoContent,#ff0082
SMR_VSA5,4.633245143104148e-06,1.019578088412576e-05,MOE,#a700ff
NumHydrogenAtoms,0.0001394619995898072,0.00031973489306180713,Constitution,#ffd500
KierFlexibilit,4.016540268159119e-07,3.4408135840546805e-07,Kappa,#00ff86
KappaAlapha2,5.210326476934313e-07,-4.951249470419583e-07,Kappa,#00ff86
MINssssN,0.0018411538648335224,0.0006688284603031391,Estate,#6568f7
SssssN,0.001413084058599079,0.0015282610600644286,Estate,#6568f7
SM1_Dzpe,0.0017162489450791574,-0.000262336974794275,Matrix,#ff00ed
EState_VSA10,8.182938803336093e-06,9.65798443008925e-06,MOE,#a700ff
ATSC0are,-1.6211786052489074e-06,-6.231394681366353e-07,Autocorr,#bfff00
VSA_EState1,4.419057884008648e-05,-5.166909911424877e-05,MOE,#a700ff
SsF,1.5360049226975647e-06,3.14075838425687e-06,Estate,#6568f7
PEOE_VSA4,2.277888018975549e-05,6.724487651377231e-06,MOE,#a700ff
PEOE_VSA12,3.517012704501443e-05,3.208626400330594e-05,MOE,#a700ff
SdO,-4.505145956179568e-06,6.43662431021319e-06,Estate,#6568f7
fr_ketone,4.174822772096132e-05,0.0001720332286574422,Fragment,#009eff
fr_aldehyde,0.0008125019852410764,-0.0012996054508469523,Fragment,#009eff
SMR_VSA3,1.2784518998998351e-08,-6.441839716653242e-05,MOE,#a700ff
fr_pyridine,0.0001333890990777853,0.00033368441191583553,Fragment,#009eff
fr_tetrazole,0.0,0.0,Fragment,#009eff
NaaS,2.3171474987870866e-05,-0.0001886622472243582,Estate,#6568f7
ATSC1dv,0.007342800074680356,0.0038852427493442088,Autocorr,#bfff00
AATSC1dv,0.007491130297156978,0.004933872683481666,Autocorr,#bfff00
MolAverageWeight,0.0002681852572343768,0.00038565221157937923,Property,#ff6a00
AATSC0v,-1.0278922590312156e-05,-7.726929404539007e-06,Autocorr,#bfff00
GATS3d,0.005255030976100472,0.0036143132231452046,Autocorr,#bfff00
AATS1i,0.008169656788761026,0.006152018227360445,Autocorr,#bfff00
GATS6i,-0.00014185084199358489,-0.0007345940579067678,Autocorr,#bfff00
AATS7i,0.0019561650062149827,-0.001567249948328242,Autocorr,#bfff00
GATS4c,0.0003446202555841271,-0.0003595501184463501,Autocorr,#bfff00
GATS7dv,0.00031750708479771905,0.00021345100619574175,Autocorr,#bfff00
GATS7s,-7.997944273729907e-05,-9.217587384313664e-05,Autocorr,#bfff00
VE2_Dzp,0.0008186344057321548,6.426938555448292e-05,Matrix,#ff00ed
VE2_Dzse,0.0004808336327022378,-9.340047836303711e-05,Matrix,#ff00ed
SpAbs_Dzp,-2.5156716053631456e-06,-6.3722783869568644e-06,Matrix,#ff00ed
VR1_Dzm,6.582333960336584e-06,8.765269409516385e-06,Matrix,#ff00ed
ATS3i,1.3900582085946134e-05,1.8965114245705905e-07,Autocorr,#bfff00
CIC3,0.0002054761756550283,0.00039435448971658627,InfoContent,#ff0082
ATS2se,5.353072827563032e-06,-2.2947110913107416e-05,Autocorr,#bfff00
ATS2i,6.155119362205586e-05,0.00012208995493967478,Autocorr,#bfff00
NumAcyclicSingleBonds,7.091598077257899e-05,0.00013622709295957325,Constitution,#ffd500
Kappa2,1.377510754352329e-07,1.7407265573421427e-07,Kappa,#00ff86
NssssN,2.547929232821211e-06,0.0,Estate,#6568f7
VSA_EState8,0.0008128458972681551,0.00017871436747629588,MOE,#a700ff
SM1_Dzse,0.001995951021936837,0.0013450424779544168,Matrix,#ff00ed
EState_VSA1,5.405311557460379e-06,-6.935813210429131e-07,MOE,#a700ff
SMR_VSA1,-7.425180881259763e-08,-1.3363632289653538e-06,MOE,#a700ff
PEOE_VSA3,2.7400949461964252e-05,3.47522172060577e-05,MOE,#a700ff
fr_alkyl_halide,3.8087706674128086e-06,6.076287139444858e-06,Fragment,#009eff
NssssB,7.291637699713416e-05,-0.0002962249246510895,Estate,#6568f7
PEOE_VSA2,5.176053805788783e-05,3.62396240234375e-05,MOE,#a700ff
VSA_EState2,0.00024080378088087162,9.135834195395098e-05,MOE,#a700ff
fr_imide,0.00013275537639856339,0.0001241429285568918,Fragment,#009eff
NumAcyclicDoubleBonds,9.39013605768535e-05,8.809634230344532e-05,Constitution,#ffd500
SumSquareChargeN,0.0001796845516021106,0.00040709836916486,Charge,#0033ff
MAXdCH2,3.411180594659058e-07,-2.285499464382834e-05,Estate,#6568f7
MINdCH2,7.369301535886663e-06,-4.8844651742485645e-05,Estate,#6568f7
fr_thiophene,0.0001384891908277064,9.180944074282937e-05,Fragment,#009eff
SaaS,0.0002388811077583819,4.931877959857278e-05,Estate,#6568f7
fr_aryl_methyl,0.0016551099040291728,0.0031710558316924153,Fragment,#009eff
MATS1dv,0.0022069414738904447,0.002128393812612983,Autocorr,#bfff00
AATS5i,0.0037705490196293656,-0.0002581016583876883,Autocorr,#bfff00
GATS3i,0.0018869639289650353,0.0016015083952383158,Autocorr,#bfff00
AATS2i,0.0069669084623456,0.005617659877646952,Autocorr,#bfff00
AATS0i,0.005744104104285941,0.004486106336116791,Autocorr,#bfff00
AATS6i,0.0023217410357161405,-0.00026284022764733184,Autocorr,#bfff00
GATS4dv,0.0015679990703409974,0.0013030720028009979,Autocorr,#bfff00
GATS4are,0.00040859602053056054,-0.00013002685525209667,Autocorr,#bfff00
GATS6dv,-0.00018568353896786238,-0.00042080540548672385,Autocorr,#bfff00
VE2_Dzv,0.0005838098851117524,-5.762414498766688e-05,Matrix,#ff00ed
VE2_Dt,0.000787195834246579,0.0004095888950607085,Matrix,#ff00ed
LogEE_Dzp,-1.3931739059058756e-06,-2.509491010216358e-06,Matrix,#ff00ed
VR1_Dzp,6.494112312793732e-06,1.845712011505629e-05,Matrix,#ff00ed
ATS4i,3.567718985408863e-05,7.4630433862799e-05,Autocorr,#bfff00
CIC5,0.00015101505612791222,0.0003226047212426808,InfoContent,#ff0082
EState_VSA4,-6.95666636932879e-05,-0.0004607378081842306,MOE,#a700ff
ATS0i,1.1654147370365742e-05,-1.2432309714260903e-05,Autocorr,#bfff00
ATS1se,4.467427391896539e-05,0.00010551309043704826,Autocorr,#bfff00
ATS0are,3.288296813319658e-05,5.729699676682021e-05,Autocorr,#bfff00
PEOE_VSA8,-1.4943494037744642e-06,-3.4773891622874586e-06,MOE,#a700ff
SsCH3,0.00033134857023309205,4.9498948183845926e-05,Estate,#6568f7
NsCH3,2.029114826163081e-05,2.447854388842874e-05,Estate,#6568f7
ATS0s,-9.636987339356473e-06,-2.7160075577903342e-05,Autocorr,#bfff00
ATSC0se,5.424022674560547e-06,-3.0181624672831475e-06,Autocorr,#bfff00
ATSC0pe,1.3794580644432841e-06,1.7958608540591392e-05,Autocorr,#bfff00
fr_N_O,2.9892830008870774e-05,0.0,Fragment,#009eff
AcyclicTrivalentNodes,0.00020789041776547723,0.0003042180429805308,Constitution,#ffd500
fr_C_O,0.00014683062380016487,-8.0207532102472e-05,Fragment,#009eff
fr_C_O_noCOO,0.00010739470070064705,9.864568710327148e-06,Fragment,#009eff
NdssC,5.1368281922647974e-05,-1.1543658646750998e-05,Estate,#6568f7
MINdsCH,0.009827696294947175,0.00711335919120093,Estate,#6568f7
fr_allylic_oxid,-1.8275427547287393e-05,0.0001320263201539662,Fragment,#009eff
SdCH2,-1.3554976741048108e-07,-3.6846507689425323e-07,Estate,#6568f7
NdCH2,-1.684847202865214e-07,-1.1011280796835443e-05,Estate,#6568f7
fr_sulfonamd,1.4421191405156186e-05,0.0,Fragment,#009eff
NumSulfurAtoms,-7.9874457282747e-06,-0.00015911459922790527,Constitution,#ffd500
MAXsCH3,0.005375460298224,0.0018913420763881916,Estate,#6568f7
MINsCH3,0.006629535759037242,0.0018096620386296447,Estate,#6568f7
GATS3m,0.00133282674307178,0.00010355629704206226,Autocorr,#bfff00
AXp-1d,0.0042043092914603175,0.0008349208669228281,Connectivity,#4fff00
GATS3v,0.003948277031833536,0.003357119858264923,Autocorr,#bfff00
AATS4i,0.006247154944999722,0.005698075348680609,Autocorr,#bfff00
GATS1c,0.0010349939323285318,0.0008821236816318745,Autocorr,#bfff00
GATS4pe,0.0008188604631207408,-0.00030462172898382267,Autocorr,#bfff00
GATS6c,-3.327776423900364e-05,-0.00012128461490978903,Autocorr,#bfff00
GATS6are,5.374916575262567e-06,-0.0001783729954200064,Autocorr,#bfff00
VE2_Dzare,0.0008200655098665743,0.0002724237062713408,Matrix,#ff00ed
VE2_Dzpe,0.0005762014876712351,-0.00030773539434780783,Matrix,#ff00ed
SpDiam_Dzp,-1.3527037067140313e-06,2.8596682981607557e-06,Matrix,#ff00ed
VR1_DzZ,7.298182357451388e-06,1.4905225146799594e-05,Matrix,#ff00ed
ATS4pe,3.056126562039907e-05,7.367269559332978e-05,Autocorr,#bfff00
ATS3pe,5.256105214357376e-05,9.944357655256031e-05,Autocorr,#bfff00
ATS2pe,3.562173382809508e-05,7.848035205493264e-05,Autocorr,#bfff00
NumAllAtoms,0.0001389867710797077,0.0003489675846966023,Constitution,#ffd500
ATS0se,3.953743726015091e-05,1.905045726080523e-05,Autocorr,#bfff00
TIC2,4.796218127012253e-05,4.743039608001709e-05,InfoContent,#ff0082
Kappa1,1.109713180569294e-06,3.2464211636717977e-06,Kappa,#00ff86
EState_VSA3,7.286667823791504e-06,1.3435428792729631e-05,MOE,#a700ff
EState_VSA9,-2.360225401121241e-06,-2.4091113697499722e-05,MOE,#a700ff
ATS2s,5.441463806432623e-06,3.553249619203669e-06,Autocorr,#bfff00
EState_VSA2,-2.8252940287298856e-07,3.735450181063804e-06,MOE,#a700ff
NumHeteroAtoms,1.4799139039123332e-05,6.933239373285716e-05,Constitution,#ffd500
NumHydrogenBondAcceptorSites,4.0879557755890694e-05,3.9540231227874756e-05,Constitution,#ffd500
MolTPSA,2.7260150421759555e-05,2.138452096411836e-05,Property,#ff6a00
fr_ester,8.260357108991201e-05,0.00014546107162127786,Fragment,#009eff
NumCyclicOxygenAtoms,1.5128319236445975e-05,-2.6713040742087912e-05,Constitution,#ffd500
fr_barbitur,0.00023324533619673016,0.0,Fragment,#009eff
MAXdsCH,0.009231627580117086,0.006179613145914864,Estate,#6568f7
fr_dihydropyridine,0.0,0.0,Fragment,#009eff
fr_hdrzone,0.0001644546335394237,-9.514188224624132e-05,Fragment,#009eff
fr_guanido,0.0,0.0,Fragment,#009eff
NddssS,7.538124918937683e-06,-3.327700224819985e-06,Estate,#6568f7
MATS1m,0.0010210411115126883,0.0006624026732010568,Autocorr,#bfff00
GATS1p,0.00473551308228215,0.0034908970648591664,Autocorr,#bfff00
GATS1i,0.0111426862634042,0.011825845322825601,Autocorr,#bfff00
GATS2i,0.0024292038922960613,-0.0010266331109134441,Autocorr,#bfff00
GATS3Z,0.0007906633175233102,-1.480565829714564e-05,Autocorr,#bfff00
AXp-4d,0.0034575845876878564,0.002115782688964396,Connectivity,#4fff00
AATS3i,0.004132137972522876,0.0022941543297333444,Autocorr,#bfff00
GATS3p,0.0011477763341232183,0.0009363076903602385,Autocorr,#bfff00
GATS4se,0.0004198258234696661,-0.0004909634590148926,Autocorr,#bfff00
GATS6se,-0.00011705336245615428,-0.00021471218629320887,Autocorr,#bfff00
GATS6pe,-9.199934588233205e-05,-0.0003259513865818686,Autocorr,#bfff00
VE2_Dzm,0.0006744979288090258,4.424764351407262e-05,Matrix,#ff00ed
IndexBalabanJ,0.0001292306591164083,0.00013714622367511087,Topology,#00ff1b
SpMax_Dzv,-9.90249893861872e-07,1.4603137969970703e-06,Matrix,#ff00ed
VR1_Dzi,5.7600607926699965e-06,1.6477297652750522e-05,Matrix,#ff00ed
ATS4se,3.3432956446310946e-05,3.291124647308852e-05,Autocorr,#bfff00
ATS4are,3.9266422390937805e-05,8.733638308255909e-05,Autocorr,#bfff00
ATS2are,3.5569325766870996e-05,5.361776460299783e-05,Autocorr,#bfff00
ATS1i,3.0712563205859134e-05,-2.1565366875142544e-05,Autocorr,#bfff00
TIC3,-8.52735882450606e-06,-7.916783744643663e-05,InfoContent,#ff0082
ATS0pe,3.11104072766577e-05,3.857368772675063e-05,Autocorr,#bfff00
TIC1,3.319919448008246e-05,3.4985894506567305e-05,InfoContent,#ff0082
TIC0,9.630899876356125e-05,0.0002202161333777486,InfoContent,#ff0082
SlogP_VSA3,8.961016482178508e-07,-1.110813835358826e-07,MOE,#a700ff
ATS3s,-3.8321383973860534e-06,-1.1278147047266707e-05,Autocorr,#bfff00
PEOE_VSA10,5.050943317741474e-05,5.297701467166238e-05,MOE,#a700ff
SlogP_VSA1,3.7803229968602636e-07,-1.494180072447726e-06,MOE,#a700ff
NumHydrogenBondAcceptorAtoms,6.229379637678889e-05,7.124854759732457e-05,Constitution,#ffd500
NumAcyclicOxygenAtoms,1.776362345984328e-05,-5.8507377451721965e-06,Constitution,#ffd500
SMR_VSA6,6.782212717970637e-05,0.00016225603493769114,MOE,#a700ff
fr_amide,8.210040290246301e-05,-2.5941566987541798e-05,Fragment,#009eff
NumAmideBonds,6.0927376828501245e-05,-0.00010238045995891731,Constitution,#ffd500
NdsCH,5.524436181847392e-07,-4.8045407642027804e-05,Estate,#6568f7
SdsCH,0.00010991282761096954,-0.00011692670258611759,Estate,#6568f7
MINdsN,0.002479405142366886,0.002538841556418925,Estate,#6568f7
MINddC,0.0005026065151799708,-7.96893780882213e-05,Estate,#6568f7
fr_sulfone,7.696669887413687e-05,-0.00015193020755599473,Fragment,#009eff
ATSC1Z,0.0036876305768436257,0.0008341338146815591,Autocorr,#bfff00
GATS1Z,0.0015794087032026116,0.00030293857509433586,Autocorr,#bfff00
GATS1v,0.0025827664543282003,0.0015077475797046214,Autocorr,#bfff00
GATS2v,0.0021591632711617237,-3.637237983022956e-07,Autocorr,#bfff00
AXp-0dv,0.0016141812401739841,0.0016188790852372792,Connectivity,#4fff00
GATS1d,0.0014190699227831782,0.0007986135103484893,Autocorr,#bfff00
AXp-2d,0.0055884537710385596,0.004656360907988044,Connectivity,#4fff00
GATS3c,0.0004115892912853747,-2.7577985416860074e-05,Autocorr,#bfff00
GATS5c,0.0002869147468697042,-0.00013812699101189985,Autocorr,#bfff00
GATS5are,0.0002049845220013502,0.0002145706252617563,Autocorr,#bfff00
GATS6s,7.607652382424224e-05,3.376603126525879e-05,Autocorr,#bfff00
GATS1s,0.0011723226105625484,0.0013243982737713988,Autocorr,#bfff00
SpAD_Dzv,1.1842189865385322e-06,3.3094124359811516e-06,Matrix,#ff00ed
LogEE_Dzv,-2.3443929164645994e-07,3.52209264531389e-07,Matrix,#ff00ed
VR1_Dzv,1.1958012526736006e-05,1.739439639170115e-05,Matrix,#ff00ed
ATS5se,3.166513686836403e-05,5.9043819254034346e-05,Autocorr,#bfff00
ATS5i,1.9288706508580056e-05,2.570585771033418e-05,Autocorr,#bfff00
ATSC0v,1.379009336233139e-05,3.20903279563689e-05,Autocorr,#bfff00
TIC4,7.190132005652217e-05,0.0001358227296308634,InfoContent,#ff0082
ATS1are,2.6063062250614166e-05,-9.155883030464995e-05,Autocorr,#bfff00
KappaAlapha1,1.121735708320415e-06,2.0638108253479004e-06,Kappa,#00ff86
ATS0p,-4.199418146555445e-08,-2.2961334755766671e-07,Autocorr,#bfff00
ATSC0i,5.182014270266322e-05,0.00011410157788882547,Autocorr,#bfff00
ATSC0dv,-2.0618635144797892e-06,-2.828308127145185e-05,Autocorr,#bfff00
ATS5s,-2.8802420605211765e-06,-1.607225699862269e-05,Autocorr,#bfff00
ATS4s,8.973039009374517e-06,2.9294328256046498e-05,Autocorr,#bfff00
PEOE_VSA9,-4.4779682695228473e-07,-1.3846565376729458e-05,MOE,#a700ff
SlogP_VSA2,8.228607475757599e-05,0.00021189654415298964,MOE,#a700ff
fr_ether,-6.168742071488431e-06,-6.203217939904082e-05,Fragment,#009eff
fr_lactone,0.00034501268105080474,0.0009026791561732583,Fragment,#009eff
fr_piperzine,7.032281295826781e-05,-0.00014110722325066938,Fragment,#009eff
fr_urea,4.3013471771380374e-05,0.0,Fragment,#009eff
fr_nitroso,0.0,0.0,Fragment,#009eff
fr_benzodiazepine,0.0,0.0,Fragment,#009eff
MAXdsN,0.0022865881804715604,0.0026754188266666645,Estate,#6568f7
fr_isocyan,0.0,0.0,Fragment,#009eff
MAXddC,0.0005263123153286253,0.00045155530626117546,Estate,#6568f7
AATSC1Z,0.000907519239593646,-0.0004863827065988424,Autocorr,#bfff00
MATS1Z,0.000499405136162645,-0.0002004483884031627,Autocorr,#bfff00
GATS1m,0.0014766292985189944,0.0005164857615123086,Autocorr,#bfff00
GATS2p,0.0015595235269177943,0.0005950487472793364,Autocorr,#bfff00
AXp-1dv,2.9208561913574016e-05,-9.954653003019232e-06,Connectivity,#4fff00
GATS2d,0.0025929175317287445,0.0018877109343354848,Autocorr,#bfff00
AXp-3d,0.0016459815881469941,0.0003381175073710052,Connectivity,#4fff00
GATS3dv,0.0007126053625887696,9.765543720929859e-05,Autocorr,#bfff00
GATS5dv,-6.464301523834148e-05,-0.0004429058595137869,Autocorr,#bfff00
GATS5se,0.00023253600705752664,2.6372346010994363e-05,Autocorr,#bfff00
GATS4s,0.0004557366059585455,0.0005200031128795857,Autocorr,#bfff00
AXp-0d,0.0024838544936343077,0.0020987980745055257,Connectivity,#4fff00
SpDiam_Dzv,5.794519728485881e-07,-2.3570927709659628e-07,Matrix,#ff00ed
LogEE_D,-5.095181139225247e-07,1.9208951429483534e-06,Matrix,#ff00ed
LogEE_Dt,-3.2638622948777396e-07,3.0181624671721252e-06,Matrix,#ff00ed
ATS5pe,1.690062609593923e-05,5.706602876831557e-05,Autocorr,#bfff00
ATS5are,2.317884090274891e-05,4.228881814261065e-05,Autocorr,#bfff00
TIC5,3.785072741191442e-05,6.349520249793184e-05,InfoContent,#ff0082
ATS1pe,4.9373896961912855e-05,8.840046145697222e-05,Autocorr,#bfff00
ZMIC3,2.2707337687943863e-07,-1.987273042902693e-06,InfoContent,#ff0082
ZMIC4,2.537261356017062e-06,-2.6469880884949504e-06,InfoContent,#ff0082
ZMIC0,4.153173755516715e-05,8.181143890717557e-05,InfoContent,#ff0082
MolExactWeight,1.0198574851849607e-05,3.2450665126138034e-06,Property,#ff6a00
MolHeavyAtomWeight,4.757449708292505e-06,-1.1654062704646861e-05,Property,#ff6a00
AcyclicSingleValentNodes,0.00017426865683367598,0.00025606900453567505,Constitution,#ffd500
ATS6s,2.007880671461848e-05,3.970143469889109e-05,Autocorr,#bfff00
PChargeTotal,3.1218864023685455e-05,8.729980750510347e-05,Charge,#0033ff
MAXssO,0.001256890594959259,0.0004195286469025339,Estate,#6568f7
MINssO,0.0012067395516417445,0.00021046603267838027,Estate,#6568f7
NssO,1.94883482029784e-06,-7.892196828729325e-06,Estate,#6568f7
fr_morpholine,8.330519565136196e-05,0.00013286146250635067,Fragment,#009eff
fr_alkyl_carbamate,0.0,0.0,Fragment,#009eff
fr_Ndealkylation1,1.1947937309741974e-05,2.1473250605752447e-05,Fragment,#009eff
fr_azide,9.877099232946662e-07,0.0,Fragment,#009eff
SdsN,7.951801473948805e-07,4.813075065612793e-06,Estate,#6568f7
fr_Imine,7.303279231896109e-05,0.00010514733466227,Fragment,#009eff
NddC,1.2191859188881438e-08,0.0,Estate,#6568f7
AATSC1m,0.0013928984884511442,-0.0003100565888665141,Autocorr,#bfff00
ATSC1m,0.002208115025000179,-0.0008842349052429199,Autocorr,#bfff00
MolFractionCSP3,0.0039161028848453405,0.0035400959578426594,Property,#ff6a00
GATS2Z,0.0012142620134083515,0.0007976984435861256,Autocorr,#bfff00
GATS1dv,0.0002868244932456854,-0.0007147971879353232,Autocorr,#bfff00
GATS1pe,0.001263065771623162,-9.851022200191295e-06,Autocorr,#bfff00
GATS1se,0.0020785683935339305,0.0012321641499345448,Autocorr,#bfff00
GATS3are,0.0007872070947831933,-0.00029940970919350995,Autocorr,#bfff00
GATS3se,0.0003894457424229447,-0.0006452839482914419,Autocorr,#bfff00
GATS5pe,0.00014792687513620617,-5.3382732651541254e-05,Autocorr,#bfff00
SpDiam_A,0.0010781739415093305,-0.0009613856673240662,Matrix,#ff00ed
SpMax_A,0.001118177209388116,0.0004922862757335,Matrix,#ff00ed
SpAbs_Dzv,1.93232501100038e-06,8.009374141693115e-06,Matrix,#ff00ed
SpAD_D,2.4070455270086555e-06,4.303726282905984e-06,Matrix,#ff00ed
SpDiam_Dt,1.4995140108498006e-06,1.0747123848298124e-05,Matrix,#ff00ed
9MemberedRings,0.0,0.0,Constitution,#ffd500
ATS6se,2.198793332686133e-05,1.3823536309298667e-05,Autocorr,#bfff00
ATS6i,1.4008107510510293e-05,1.3350763104158503e-05,Autocorr,#bfff00
PEOE_VSA6,0.00011134926568379111,0.0001383755694736033,MOE,#a700ff
ZMIC2,1.4005398208949416e-06,-1.6257166862487793e-05,InfoContent,#ff0082
ZMIC5,1.2895431030779392e-06,-7.0489265702189385e-06,InfoContent,#ff0082
NumValenceElectrons,0.00010814720934093636,0.00019812312993128245,Property,#ff6a00
MolWeight,-7.1234323760771545e-06,-2.192638137132885e-05,Property,#ff6a00
ATSC1d,0.002172547223215804,0.0006871568885715718,Autocorr,#bfff00
ATS7s,4.180766303429895e-05,7.165900685568438e-05,Autocorr,#bfff00
ATS0dv,4.468739710072889e-05,1.245940273453261e-05,Autocorr,#bfff00
PEOE_VSA1,-1.89481811085912e-06,-2.8591264378041714e-05,MOE,#a700ff
fr_methoxy,3.4358267757106375e-05,-0.00015914846550335593,Fragment,#009eff
SssO,-7.348981767574259e-08,-5.705112760767683e-06,Estate,#6568f7
MAXsssN,0.016638671471314037,0.017712994055314457,Estate,#6568f7
NsssN,4.384226419718029e-05,6.396391175000904e-05,Estate,#6568f7
MINsssN,0.014363966712897525,0.014543080871755376,Estate,#6568f7
SssNH,0.0009215139699253472,5.89009035716348e-05,Estate,#6568f7
NumAcyclicNitrogenAtoms,5.542596971452873e-05,5.0510872494080594e-05,Constitution,#ffd500
fr_azo,3.1099908731291315e-05,0.0,Fragment,#009eff
NdsN,-5.504116415977478e-07,-4.219737919974875e-06,Estate,#6568f7
SddC,-1.6314231535696777e-06,-2.276491035124728e-06,Estate,#6568f7
MAXdS,2.7478164569938457e-05,0.0,Estate,#6568f7
NdssS,0.0,0.0,Estate,#6568f7
GATS2m,0.0007302115925333919,-0.00031062960624694824,Autocorr,#bfff00
MAXssCH2,0.008327528495680192,-0.0027887916023081605,Estate,#6568f7
AXp-2dv,9.566037492358959e-06,1.388449560502103e-05,Connectivity,#4fff00
MINssCH2,0.0035067745907740866,-0.002922738817605186,Estate,#6568f7
GATS1are,0.0016901714049957217,0.0012070231816985189,Autocorr,#bfff00
GATS3pe,0.0007705234668472505,-0.0004405995661562745,Autocorr,#bfff00
GATS3s,0.0010667778551578522,0.00047383863817551664,Autocorr,#bfff00
GATS5s,0.0004707102409818864,0.0001515603878280425,Autocorr,#bfff00
SpMAD_A,0.001058275472711423,-0.0007477450099858673,Matrix,#ff00ed
VR3_Dzse,0.0008656601844864165,0.00010003623637278025,Matrix,#ff00ed
SpMax_D,5.640766837400335e-06,9.714879772859675e-06,Matrix,#ff00ed
SpDiam_D,-1.8586658617758545e-06,-5.168670957789168e-06,Matrix,#ff00ed
SpAD_Dt,5.3762712282079406e-08,4.429031502106717e-06,Matrix,#ff00ed
ATS7i,1.1789866469213983e-05,1.5180896628885776e-05,Autocorr,#bfff00
ATS6pe,3.626476973295212e-05,6.993047215719805e-05,Autocorr,#bfff00
ATS6are,2.635710618714704e-05,5.037540739227797e-05,Autocorr,#bfff00
MolSLogP,0.0013406337662177359,0.0012018721212039285,Property,#ff6a00
ZMIC1,5.4040923714637756e-05,0.00012260065837332856,InfoContent,#ff0082
Xp-0dv,-5.944377996502936e-07,-5.80264763405669e-06,Connectivity,#4fff00
LabuteASA,1.131675460130932e-05,1.2856992808174539e-05,MOE,#a700ff
ATS1Z,4.038807343342832e-06,5.381351167454973e-06,Autocorr,#bfff00
ATS1m,2.3567541079794196e-06,8.788975802254129e-06,Autocorr,#bfff00
ATS8s,2.9412267560369187e-05,6.214732473541762e-05,Autocorr,#bfff00
PEOE_VSA11,7.301628250966363e-05,0.0001591701399196177,MOE,#a700ff
NumUnspecifiedAtomStereoCenters,-3.4458935260772705e-08,0.0,Constitution,#ffd500
SumSquareChargeO,-7.796016605610134e-07,-3.4299763767009495e-06,Charge,#0033ff
7MemberedRings,1.3629905879497528e-05,-6.232072006573386e-05,Constitution,#ffd500
NumSaturatedHeterocycles,2.8128735721111298e-05,0.00010509111664502857,Constitution,#ffd500
SsssN,0.002191780050369907,0.0014062307097694182,Estate,#6568f7
fr_Ndealkylation2,1.3415278359296678e-06,0.0,Fragment,#009eff
NssNH,-6.689436056195319e-07,9.821219870698172e-08,Estate,#6568f7
MAXssNH,0.002507082779299119,-0.000523302365433187,Estate,#6568f7
fr_oxime,0.0,0.0,Fragment,#009eff
fr_amidine,6.208907474170022e-05,5.8675354177251116e-05,Fragment,#009eff
fr_isothiocyan,0.0,0.0,Fragment,#009eff
MINdS,1.6895546154582775e-05,0.0,Estate,#6568f7
fr_sulfide,3.264522687962401e-05,-8.997321128845215e-05,Fragment,#009eff
AXp-7dv,-4.240904342145413e-07,2.907758409276262e-06,Connectivity,#4fff00
AXp-5dv,7.442114036138037e-08,-1.3641335747660577e-06,Connectivity,#4fff00
AXp-3dv,-1.2011521240973266e-06,-4.594298926297036e-06,Connectivity,#4fff00
GATS2c,0.003639899956231818,0.004212363199754154,Autocorr,#bfff00
GATS2dv,0.0008653538640249758,-0.00011371279304683846,Autocorr,#bfff00
GATS2s,0.00011602763763884916,-0.0022748681631955536,Autocorr,#bfff00
ATSC4are,0.0013311722061851716,0.0005672797560691833,Autocorr,#bfff00
MATS4c,0.0008772140030156583,0.0006457980383525186,Autocorr,#bfff00
LogEE_A,0.0006777051497589559,-0.0005193115635352408,Matrix,#ff00ed
VR3_Dzpe,0.0007410147650676047,0.0004268715327435668,Matrix,#ff00ed
SpAbs_D,-4.012052985724601e-06,-8.005310188741177e-06,Matrix,#ff00ed
LogEE_Dzare,1.2115660039668796e-06,3.53631648142283e-06,Matrix,#ff00ed
ATS8se,2.223913642496189e-05,3.6090612411499023e-05,Autocorr,#bfff00
ATS7are,1.7500651831037217e-05,1.8224120140075684e-05,Autocorr,#bfff00
ATS7se,-7.499263367849451e-06,-2.8164549307430065e-05,Autocorr,#bfff00
ATS5d,9.902583604559645e-06,1.9035556099611384e-05,Autocorr,#bfff00
ATS1p,2.1531246602535248e-05,3.220411864190975e-05,Autocorr,#bfff00
ATS1v,7.054260508621013e-06,-0.00011476671153853868,Autocorr,#bfff00
MolRefractivity,5.8992850509587136e-05,-9.362060915341086e-05,Property,#ff6a00
Xp-1d,0.00023225119168113206,0.00039753385565488575,Connectivity,#4fff00
NumHeavyAtoms,0.00018364182588737066,0.0004254565997556803,Constitution,#ffd500
ATS2Z,-4.359182309010556e-06,-1.6421756961149114e-05,Autocorr,#bfff00
ATS3dv,1.3029964810118422e-05,-3.0439008366078824e-06,Autocorr,#bfff00
ATS1dv,2.9292634942335027e-05,-0.00013051656159490665,Autocorr,#bfff00
ATS5dv,1.0474246333935788e-05,7.450580596923828e-07,Autocorr,#bfff00
NumAtomStereoCenters,3.62115150198683e-07,1.0620463977151218e-06,Constitution,#ffd500
SlogP_VSA11,2.4518336761980564e-06,-6.719746373007318e-06,MOE,#a700ff
NumAliphaticHeterocycles,0.00023394679142674235,0.0006192631342193389,Constitution,#ffd500
fr_piperdine,8.346631445677044e-05,-1.9381669434714865e-05,Fragment,#009eff
fr_HOCCN,2.6092271913080722e-06,4.0974129330018094e-05,Fragment,#009eff
fr_NH1,2.1956183693716547e-05,-5.302104083004799e-06,Fragment,#009eff
MINssNH,0.0027297911318866497,0.001283005557276895,Estate,#6568f7
fr_hdrzine,3.6025250504945205e-07,2.4539503183929057e-06,Fragment,#009eff
fr_priamide,4.4236721640333876e-05,-0.00015584921294997667,Fragment,#009eff
SdS,8.771365345161541e-08,0.0,Estate,#6568f7
fr_C_S,1.0807236487275773e-05,0.0,Fragment,#009eff
NssS,-1.4123930172083021e-06,4.487958821353111e-06,Estate,#6568f7
MINssS,0.002066849561577544,-0.001999181102622649,Estate,#6568f7
AXp-6dv,-6.603923707881876e-08,5.662441253662109e-07,Connectivity,#4fff00
AXp-4dv,-3.6643310019623954e-07,-4.2806972166964385e-07,Connectivity,#4fff00
GATS2are,0.00222325265746226,0.002778163010423773,Autocorr,#bfff00
GATS2se,0.0008768446912820194,0.0001622309738938954,Autocorr,#bfff00
ATSC4c,0.0008883953771808839,0.0004399412057616292,Autocorr,#bfff00
AATSC4se,0.00037137046456336975,0.0003916302865201171,Autocorr,#bfff00
ATSC4se,0.00024651592089375285,8.441507816314697e-05,Autocorr,#bfff00
VR3_Dzi,0.0005793932994658801,-0.00046224824406893017,Matrix,#ff00ed
VR3_DzZ,0.00018727457658818114,-0.0008625882593068512,Matrix,#ff00ed
SpAD_Dzare,5.079941356456175e-09,2.657147970985818e-06,Matrix,#ff00ed
SpMax_Dzare,-2.1257861093637587e-06,-3.4658746286275743e-06,Matrix,#ff00ed
IndexMZagreb2,0.0010495244271376825,0.0008427595550363209,Topology,#00ff1b
ATS8i,6.870197301611647e-06,1.887367530295503e-05,Autocorr,#bfff00
ATS7d,8.570538325813892e-06,1.5785070982765603e-05,Autocorr,#bfff00
ATS6d,4.2785805735023885e-06,1.7678195779469164e-06,Autocorr,#bfff00
EState_VSA8,8.89567150311743e-05,0.0002347583120518859,MOE,#a700ff
Xp-1dv,2.0817514847615293e-05,5.1118433475494385e-05,Connectivity,#4fff00
ATS0v,-2.0306218754262417e-06,-3.5024502060831963e-06,Autocorr,#bfff00
NumCarbonAtoms,0.0001264918934215098,0.0001819790764288065,Constitution,#ffd500
AllSubgraphsOfLength1,0.00011795183474372362,0.0002331449226898874,Path,#00fff6
ATS2m,-3.09368426099077e-07,-2.246011387319058e-06,Autocorr,#bfff00
ATS7dv,1.725283536047062e-05,3.614886240521642e-05,Autocorr,#bfff00
ATS2dv,3.1546774235668984e-05,4.272569309571317e-05,Autocorr,#bfff00
SMR_VSA4,5.846165798017999e-06,4.175711761811307e-06,MOE,#a700ff
NsssCH,6.044368174973336e-06,6.823377175724232e-06,Estate,#6568f7
fr_epoxide,0.0,0.0,Fragment,#009eff
fr_lactam,0.0,0.0,Fragment,#009eff
NumHydrogenBondDonorSites,3.842806274301225e-06,-6.521967324424338e-06,Constitution,#ffd500
fr_Al_OH_noTert,2.78727913445298e-05,6.065585396497486e-05,Fragment,#009eff
NumHydrogenBondDonorAtoms,2.2909942675730655e-05,-2.9179860245198697e-05,Constitution,#ffd500
NdNH,1.6129660336261509e-06,0.0,Estate,#6568f7
fr_ArN,1.5002675354480743e-05,-1.8537044525146484e-05,Fragment,#009eff
MINsNH2,0.0004501650956544312,-0.00046206401153048304,Estate,#6568f7
VSA_EState4,0.003327653743326664,0.0017433525486425516,MOE,#a700ff
NdS,-8.708712728733303e-07,0.0,Estate,#6568f7
SssS,7.914404638798e-05,-0.0003148777918382528,Estate,#6568f7
MAXssS,0.0026543556119907885,0.0005718252875587249,Estate,#6568f7
ATSC5se,0.000784963962029317,0.00020426511764526367,Autocorr,#bfff00
AATSC5se,0.0008195960386233603,0.0006715167652476817,Autocorr,#bfff00
GATS2pe,0.001510798423127735,0.0015848942778327046,Autocorr,#bfff00
MATS4are,0.00038509477268566794,0.00017414851622143956,Autocorr,#bfff00
MATS4se,0.0006918145174330537,0.0005160725929519439,Autocorr,#bfff00
ATSC4s,0.0005521185018799724,0.0001501718705350097,Autocorr,#bfff00
ATSC4pe,0.0004156576469540596,-0.0003080706704746694,Autocorr,#bfff00
VR3_Dzv,0.0006170270287177981,-0.00010210478847683113,Matrix,#ff00ed
VR3_Dzm,0.0005132312971083408,0.0002800178798761932,Matrix,#ff00ed
SpAbs_Dzare,-2.0770186727192552e-06,-5.453824996948242e-06,Matrix,#ff00ed
SpAbs_Dzpe,-1.2064013968915432e-06,-4.406679760426968e-06,Matrix,#ff00ed
ATS7pe,2.984228459279592e-05,5.500763654708862e-05,Autocorr,#bfff00
ATS8pe,3.0388716946938565e-05,6.487152793188677e-05,Autocorr,#bfff00
ATS8d,-5.791217766004664e-06,-1.641227440407622e-05,Autocorr,#bfff00
ATS5p,2.4149279025498238e-05,5.48220493575835e-05,Autocorr,#bfff00
ATS4d,7.211823355057767e-06,1.172179525543715e-05,Autocorr,#bfff00
ATS3d,-6.818889894177893e-06,-4.79106198658652e-05,Autocorr,#bfff00
ATS2v,0.00011403697796852352,0.00016276538372039795,Autocorr,#bfff00
ATS0d,-1.592434604058557e-05,-9.607591412286176e-05,Autocorr,#bfff00
IndexSimpleTopo,0.00012146986343652966,0.00013230470093805735,Topology,#00ff1b
Xp-2d,5.946638570597518e-05,7.850134914566542e-05,Connectivity,#4fff00
ATS6dv,1.7857941036925062e-05,3.571605140506584e-05,Autocorr,#bfff00
ATS4dv,5.554492500725594e-06,3.115697340461132e-06,Autocorr,#bfff00
10MemberedRings,1.0572204536263285e-06,-3.765929829091519e-07,Constitution,#ffd500
NumAliphaticRings,7.257796823978424e-06,1.2957236983468512e-05,Constitution,#ffd500
NumSaturatedRings,3.4420835701709507e-06,5.409798838784674e-06,Constitution,#ffd500
fr_nitro_arom_nonortho,4.4005245647738e-05,-0.00010801174423913373,Fragment,#009eff
fr_Al_OH,2.902407537808127e-05,5.338002334931424e-05,Fragment,#009eff
VSA_EState3,0.00023986627771099833,-0.0001452626152472769,MOE,#a700ff
MAXsOH,0.001604897816750217,9.394030679354959e-05,Estate,#6568f7
fr_phenol_noOrthoHbond,4.7190876847014174e-05,2.794712781906128e-05,Fragment,#009eff
MINdNH,5.179355767648275e-05,0.0,Estate,#6568f7
fr_NH2,7.977116514346072e-06,1.8509951504763755e-05,Fragment,#009eff
NsNH2,-1.021068204543063e-06,-1.3817440380758939e-07,Estate,#6568f7
MAXssPH,0.002860616130585081,0.0007688586007464915,Estate,#6568f7
MINssPH,0.0023299094120210473,0.00040852075273334343,Estate,#6568f7
ATSC5c,0.0004932439293373614,-0.0003081627867439485,Autocorr,#bfff00
MATS5c,0.0006422262469476525,-0.001101851463317871,Autocorr,#bfff00
MATS5se,0.0004895298995755137,0.00010231069543142901,Autocorr,#bfff00
AATSC5pe,0.0008291074667464704,0.0004903396422212269,Autocorr,#bfff00
ATSC4dv,0.000548503192311034,-0.0010783184658398337,Autocorr,#bfff00
AATSC4pe,0.00036001544107089334,-0.00042068687352270207,Autocorr,#bfff00
MATS4s,0.0009732249785553426,0.0007702146064151316,Autocorr,#bfff00
AATSC4s,0.00026380770247091956,-0.0003488714044744823,Autocorr,#bfff00
VR3_Dzp,0.0007145775651390407,0.0004523911259390889,Matrix,#ff00ed
VR3_Dzare,0.00042406266385863756,-8.170103484939073e-05,Matrix,#ff00ed
LogEE_Dzpe,-3.089450976156982e-07,2.638860182258007e-06,Matrix,#ff00ed
SpMax_Dzse,3.150410273766724e-07,1.297078349282721e-06,Matrix,#ff00ed
ATS8are,2.3765066130665424e-05,3.8013539530923346e-05,Autocorr,#bfff00
ATS7v,1.70591202649506e-05,3.0709938569462025e-05,Autocorr,#bfff00
ATS8p,-1.1954795231527982e-07,-4.115429791617942e-06,Autocorr,#bfff00
ATS5v,5.248129706492133e-05,8.36388631300089e-05,Autocorr,#bfff00
ATS4v,2.1577050740129167e-05,3.7865882570042864e-05,Autocorr,#bfff00
ATS2p,1.876445656479042e-05,-2.1305951205197182e-05,Autocorr,#bfff00
PEOE_VSA7,-4.866626113653183e-05,-0.0002016235481610007,MOE,#a700ff
ATS2d,1.8634918064197592e-07,3.0818310650104763e-06,Autocorr,#bfff00
AllPathsOfLength1,0.00019413757730613046,0.00030904466455627944,Path,#00fff6
ATSC0d,6.968214769254022e-05,0.00013470852916885878,Autocorr,#bfff00
ATS8dv,1.3081272217441153e-05,3.3463944088318875e-05,Autocorr,#bfff00
Xc-6d,4.6303665102165326e-07,-3.670426932278481e-06,Connectivity,#4fff00
AcyclicTetravalentNodes,1.0739419270655581e-05,7.137656211853027e-06,Constitution,#ffd500
NumSaturatedCarbocycles,-4.576180469006985e-07,1.882964913990648e-07,Constitution,#ffd500
4MemberedRings,3.0284916818779095e-07,1.2083487076486321e-06,Constitution,#ffd500
NegativeCharges,7.389028641391349e-06,-9.045546705077623e-05,Constitution,#ffd500
SsOH,2.8447671374109973e-07,-1.3686039231131097e-05,Estate,#6568f7
fr_Al_COO,1.7305412753132465e-05,-1.5323812311396345e-05,Fragment,#009eff
MINsOH,0.0014373975043947551,0.0005750093947757273,Estate,#6568f7
fr_Ar_OH,4.9254603006643194e-05,3.6322935060950634e-05,Fragment,#009eff
SdNH,5.336478352546692e-07,0.0,Estate,#6568f7
SsNH2,-6.840987631928641e-08,1.2159347534179688e-05,Estate,#6568f7
SsPH2,0.0,0.0,Estate,#6568f7
NssPH,0.0,0.0,Estate,#6568f7
ATSC5pe,0.0011225120079788597,-0.0004299642010169302,Autocorr,#bfff00
ATSC5s,0.0006660210307348757,-0.0004738372835246807,Autocorr,#bfff00
AATSC5s,4.348768429329741e-05,-0.0010085850954055786,Autocorr,#bfff00
AATSC5are,0.0005272058770060539,-0.00024296411059121503,Autocorr,#bfff00
MATS5are,0.0003447675738822431,0.0001350593837824432,Autocorr,#bfff00
ATSC4Z,0.00029616074805915993,4.0736388076334507e-05,Autocorr,#bfff00
MATS4dv,0.0004287276586348865,0.00035298073833633925,Autocorr,#bfff00
MATS4pe,0.0002469497478821969,0.00014210695570160414,Autocorr,#bfff00
AATSC4are,0.000509359958496991,0.0003926869143138223,Autocorr,#bfff00
VE1_A,0.0002233306453987005,2.3381953889622942e-05,Matrix,#ff00ed
VR3_D,0.00031232317401608256,-0.0003028762611476665,Matrix,#ff00ed
SpAD_Dzpe,-3.345141356136949e-07,-5.564229054955128e-06,Matrix,#ff00ed
SpAD_Dzse,-1.4003704895682034e-07,-2.069229429468855e-06,Matrix,#ff00ed
VSA_EState9,0.00039541060951631124,0.00019516050815582275,MOE,#a700ff
ATS8v,-3.9131634613776e-06,-1.0536475615108287e-05,Autocorr,#bfff00
ATS7p,-8.306550708381266e-07,-1.7698515545339077e-06,Autocorr,#bfff00
ATS6p,1.2833709743920174e-05,2.479350024997551e-05,Autocorr,#bfff00
ATS4p,1.596346158871942e-05,3.324719992547909e-05,Autocorr,#bfff00
ATS3p,2.6830387386489463e-05,2.1793625571420172e-05,Autocorr,#bfff00
ATS3v,5.6328167292285514e-05,8.996914733538919e-05,Autocorr,#bfff00
ATS1d,3.6876140671049384e-06,-6.084415045659597e-05,Autocorr,#bfff00
SlogP_VSA4,8.407810872301802e-06,8.820132775699818e-06,MOE,#a700ff
AllPathsOfLength2,1.71089036898886e-05,1.9185245037078857e-05,Path,#00fff6
Xc-3d,6.6891820593717455e-06,1.7581338232153243e-05,Connectivity,#4fff00
Xc-4d,2.311373299423991e-07,-1.930377701020447e-07,Connectivity,#4fff00
NumBridgeheadAtoms,7.841312749889973e-06,0.0,Constitution,#ffd500
CyclicTetravalentNodes,2.421438694000244e-07,-3.1082467599752306e-06,Constitution,#ffd500
NumAliphaticCarbocycles,9.140507741811632e-07,3.1935897739643337e-06,Constitution,#ffd500
fr_nitro_arom,2.592031589965238e-05,-3.1462447209862354e-05,Fragment,#009eff
NddsN,5.7109546932609945e-06,-5.0602988763692736e-06,Estate,#6568f7
NsOH,3.204342316487363e-06,-4.75821169942936e-06,Estate,#6568f7
fr_Ar_COO,9.357980029156554e-05,0.00014383549040009047,Fragment,#009eff
SssssPb,0.0029777809977531433,-0.0004943805662068756,Estate,#6568f7
MAXdNH,3.911478614271324e-05,0.0,Estate,#6568f7
MAXsNH2,0.00024016379294078405,0.00011950799010007618,Estate,#6568f7
MINsPH2,0.0,0.0,Estate,#6568f7
SssPH,0.002446037039838145,0.0009142756462097168,Estate,#6568f7
ATSC5are,0.0005016134713183851,-0.0010601729154586792,Autocorr,#bfff00
MATS5s,0.0001558405770497595,-0.00042230229486128756,Autocorr,#bfff00
AATSC5dv,0.00017233726314525022,-0.0003866831010038707,Autocorr,#bfff00
ATSC5dv,0.0005032623356039378,-0.0007890354503284902,Autocorr,#bfff00
MATS5m,-6.825815547595315e-05,-0.0007289350032806396,Autocorr,#bfff00
AATSC4Z,0.000514543530615974,0.0002501342784274607,Autocorr,#bfff00
ATSC4m,0.00012553203850984573,-0.0001375553282825237,Autocorr,#bfff00
MATS4Z,0.00016251248730858592,-3.057379614224143e-05,Autocorr,#bfff00
AATSC4dv,0.0002108709040014034,-0.00019081885164440315,Autocorr,#bfff00
MATS3i,-4.20277938246727e-05,-0.0002883415330540151,Autocorr,#bfff00
VR3_Dt,0.00041637865995824974,0.00034304369579651883,Matrix,#ff00ed
SpMax_Dzpe,1.3404271820283142e-06,5.21540641784668e-07,Matrix,#ff00ed
LogEE_Dzse,1.2497502295261143e-06,3.5173513671660217e-06,Matrix,#ff00ed
ATSC0c,-1.5681778842147054e-06,-7.247382944330916e-06,Autocorr,#bfff00
NumRadicalElectrons,0.0,-2.729621800812154e-07,Property,#ff6a00
ATS6v,1.855499365122082e-05,3.140284256497594e-05,Autocorr,#bfff00
8MemberedRings,0.0,0.0,Constitution,#ffd500
Xp-5dv,9.618022234203494e-08,1.6973777250406386e-06,Connectivity,#4fff00
Xp-3dv,5.968084390017836e-07,-1.0552731427582174e-06,Connectivity,#4fff00
Xp-2dv,5.171380260682312e-07,-2.6151537895202637e-06,Connectivity,#4fff00
ATS3Z,-2.515332942598647e-06,-5.845319141051242e-06,Autocorr,#bfff00
AllSubgraphsOfLength2,1.3843686743619799e-06,-4.036318172118136e-05,Path,#00fff6
Xpc-4d,1.3919039206111705e-05,7.4539672244577915e-06,Connectivity,#4fff00
Xc-5d,3.0326995659968325e-05,5.7146630503823737e-05,Connectivity,#4fff00
NssssC,1.9635497169101512e-05,-5.635348233612447e-07,Estate,#6568f7
NumSpiroAtoms,4.1232190439721705e-08,0.0,Constitution,#ffd500
Xch-6dv,2.472238107564806e-07,3.0750578094984604e-07,Connectivity,#4fff00
Xch-4dv,1.4697963546250747e-07,5.079941315377923e-07,Connectivity,#4fff00
fr_nitro,4.531527784745748e-05,3.3165243538912925e-05,Fragment,#009eff
PositiveCharges,1.7332505773404172e-05,3.463436256745389e-05,Constitution,#ffd500
fr_COO2,1.6774304888556024e-05,1.6339123249053955e-05,Fragment,#009eff
fr_COO,5.732713775241649e-06,1.2412667274475098e-05,Fragment,#009eff
fr_phenol,3.141952170571116e-05,6.836314092972806e-05,Fragment,#009eff
fr_phos_ester,0.0,0.0,Fragment,#009eff
NumPhosphorousAtoms,3.057278016305176e-07,0.0,Constitution,#ffd500
NsPH2,0.0,0.0,Estate,#6568f7
MAXsPH2,0.0,0.0,Estate,#6568f7
MATS5pe,0.00019919745285401635,-0.0003622120076960389,Autocorr,#bfff00
MATS5dv,0.00016661174595355988,-0.0003146427598866852,Autocorr,#bfff00
MATS5Z,0.0001173236999999494,-0.00047223608602187106,Autocorr,#bfff00
ATSC5m,1.931300556123894e-05,-0.00041447579860687256,Autocorr,#bfff00
MATS4d,0.0002115716819058866,0.00022258744998404634,Autocorr,#bfff00
AATSC4v,-2.1530484606291367e-07,-7.134269584319064e-05,Autocorr,#bfff00
MATS4m,0.00020310816101054563,6.70789317650522e-05,Autocorr,#bfff00
AATSC4m,2.185229889373197e-05,-0.0005442439155145529,Autocorr,#bfff00
AATSC3i,4.1856007142571094e-05,-0.00025134533643722534,Autocorr,#bfff00
MATS3p,-2.0040368491347493e-06,-9.334967894991664e-05,Autocorr,#bfff00
MATS3v,-1.583722504694407e-05,-9.600547226995548e-05,Autocorr,#bfff00
SpAbs_Dzi,2.3494728595974124e-07,1.6160986640034736e-06,Matrix,#ff00ed
SpAbs_Dzse,1.2302771210670471e-06,3.528188575296909e-06,Matrix,#ff00ed
ChargeTotalAbsoulte,-4.0066343816036465e-06,-2.0211393182978377e-05,Charge,#0033ff
AATSC0c,1.6714700243891656e-06,-7.240609689596056e-07,Autocorr,#bfff00
NsssB,2.389265733038215e-07,3.7388368079316336e-07,Estate,#6568f7
NsssP,0.0,0.0,Estate,#6568f7
Xp-6dv,2.6576559652990994e-07,5.364418029785156e-07,Connectivity,#4fff00
Xp-4dv,2.5433572858890585e-07,-1.6255812251841917e-08,Connectivity,#4fff00
ATS8m,1.92021781808549e-07,7.3083422391651e-07,Autocorr,#bfff00
ATS8Z,2.2325495427910624e-06,1.1196190660145433e-06,Autocorr,#bfff00
Xp-3d,1.9364397634169528e-05,4.0508129379945856e-05,Connectivity,#4fff00
AllSubgraphsOfLength3,2.3005106909779194e-05,4.258210008789565e-05,Path,#00fff6
Xpc-5d,1.910464330157069e-05,3.962421959091689e-05,Connectivity,#4fff00
NumCyclicSingleBonds,-9.35090197751176e-06,-0.00012462586164474487,Constitution,#ffd500
Xch-6d,4.3755227869812785e-06,1.1924315582612088e-05,Connectivity,#4fff00
Xch-5d,-1.3075768947601318e-06,-1.1724504558330295e-06,Connectivity,#4fff00
Xch-3d,0.0,0.0,Connectivity,#4fff00
3MemberedRings,0.0,0.0,Constitution,#ffd500
NsssNH,7.541934874955025e-06,0.0,Estate,#6568f7
SsssNH,0.0008210411972621179,-0.00018947097388188894,Estate,#6568f7
NssNH2,0.0,0.0,Estate,#6568f7
ATSC2c,0.0002586331049150292,-0.0005887943235310944,Autocorr,#bfff00
fr_phos_acid,0.0,0.0,Fragment,#009eff
NdsssP,0.0,0.0,Estate,#6568f7
MATS6c,0.0008097528056665304,0.00014753368767816966,Autocorr,#bfff00
ATSC6se,-1.2768771160742709e-05,-0.0004639070142399282,Autocorr,#bfff00
ATSC6are,6.523618305276369e-05,-0.0012279925021259075,Autocorr,#bfff00
ATSC5Z,0.00026811769401491325,0.00013771246780047708,Autocorr,#bfff00
AATSC5m,0.00044165102934301537,6.366792050271908e-05,Autocorr,#bfff00
AATSC5v,4.69334931536558e-05,-0.00014172426678926708,Autocorr,#bfff00
ATSC4d,0.00046655340966861303,8.371133695939115e-05,Autocorr,#bfff00
MATS4p,0.00044990661130717147,0.0005586208267644999,Autocorr,#bfff00
MATS4v,0.00015914321623067273,8.283420042554113e-05,Autocorr,#bfff00
ATSC4v,0.00024997485293587474,0.0003134208646686787,Autocorr,#bfff00
ATSC3i,1.6582791100838712e-05,-9.698623960674446e-05,Autocorr,#bfff00
ATSC2d,0.00015336952426225903,2.9807740991705245e-05,Autocorr,#bfff00
ATSC3m,5.7592395354411074e-05,-2.693181688140367e-05,Autocorr,#bfff00
SpAD_Dzi,1.5023926442925273e-06,3.5424124110727817e-06,Matrix,#ff00ed
SpMax_Dzi,1.7652796080458444e-07,4.307790235968945e-06,Matrix,#ff00ed
NaaSe,2.2110444578560262e-06,0.0,Estate,#6568f7
PChargeMean,-5.0709667530624e-06,-2.096661112527265e-05,Charge,#0033ff
MINsssssP,0.001969657076353437,0.0009716830470344329,Estate,#6568f7
Xp-7dv,-7.365914878043611e-09,-1.5768137845428853e-06,Connectivity,#4fff00
NsssSiH,0.0,0.0,Estate,#6568f7
NssSiH2,0.0,0.0,Estate,#6568f7
ATS7Z,-1.7060982909766764e-06,-6.618147546655351e-06,Autocorr,#bfff00
ATS3m,-1.8534165890926602e-06,-2.645633437436956e-06,Autocorr,#bfff00
ATS7m,4.670074717605388e-06,7.038089361977029e-06,Autocorr,#bfff00
Xp-4d,6.305358626634838e-05,0.0001292696053331044,Connectivity,#4fff00
AllPathsOfLength4,9.211034260103723e-06,2.5212764739990234e-05,Path,#00fff6
CyclicDivalentNodes,0.00029200332408607643,0.000544919209046757,Constitution,#ffd500
Xch-7d,1.2222338806600064e-06,2.0936131477355957e-06,Connectivity,#4fff00
Xch-5dv,5.596402019580893e-08,-8.696859533641188e-07,Connectivity,#4fff00
Xch-4d,3.8116493017437136e-07,1.6899271444437147e-06,Connectivity,#4fff00
fr_quatN,1.987103711575955e-07,0.0,Fragment,#009eff
MAXsssNH,0.0028814402493564373,0.0011888437650420247,Estate,#6568f7
MINssNH2,0.0012922290373932332,0.0008548992601307148,Estate,#6568f7
ATSC2pe,0.000199149278077293,0.00023460523648688447,Autocorr,#bfff00
MATS2c,0.0002628141506152426,0.00015243346040894057,Autocorr,#bfff00
MATS2are,0.00010027143765578561,7.065250114957067e-05,Autocorr,#bfff00
AATSC6s,0.0009610778228803518,0.0002377128059213307,Autocorr,#bfff00
MATS6s,0.0005726683884859085,0.0005032542076977009,Autocorr,#bfff00
ATSC6s,0.0009964630854401024,0.0006934472105719625,Autocorr,#bfff00
ATSC6pe,0.00022471095011999953,-0.000555769286372465,Autocorr,#bfff00
AATSC5Z,0.00034621264785528183,-0.00018988278779119572,Autocorr,#bfff00
ATSC5v,-1.8106604163792284e-06,-0.00011603398756554473,Autocorr,#bfff00
MATS5v,0.00010028989477595118,-0.00021806088360876164,Autocorr,#bfff00
AATSC4d,0.0003336000848900289,0.0003809109330177307,Autocorr,#bfff00
AATSC4i,0.0003181056712161512,0.00023237412626087028,Autocorr,#bfff00
MATS4i,0.00024243054742167924,0.00019906935366709178,Autocorr,#bfff00
AATSC3d,6.453328850597462e-05,-0.00018191676248213717,Autocorr,#bfff00
MATS2d,2.9529698870489618e-05,-1.1144036596522078e-05,Autocorr,#bfff00
ATSC3v,3.863981162965935e-05,-1.629306511452544e-05,Autocorr,#bfff00
AATSC3Z,0.00012212314388970746,4.009970209806202e-05,Autocorr,#bfff00
LogEE_Dzi,-2.029436555472941e-07,-3.793022851361627e-08,Matrix,#ff00ed
SpDiam_Dzi,-1.8005851994962185e-06,-1.5605579724020657e-06,Matrix,#ff00ed
SssSe,0.0005030943588777426,0.0004294094714251129,Estate,#6568f7
SssssGe,0.002204635434530089,0.0017581033435734028,Estate,#6568f7
SsssssP,0.0027966690673070227,0.001977854154326608,Estate,#6568f7
Xpc-6dv,2.9810788959583334e-07,-1.2002208016337335e-06,Connectivity,#4fff00
Xpc-4dv,4.696405747628418e-07,4.267150705006273e-07,Connectivity,#4fff00
NssssSi,-4.048713228010925e-07,0.0,Estate,#6568f7
ATS6m,7.111917832425263e-09,-6.712295792521417e-07,Autocorr,#bfff00
ATS5m,-5.292452194272101e-07,3.599985079261181e-06,Autocorr,#bfff00
ATS4Z,3.9410184730082065e-06,7.571144537421581e-06,Autocorr,#bfff00
AllPathsOfLength3,2.4900179018683133e-07,-4.025074568669851e-05,Path,#00fff6
Xpc-6d,6.922605362835732e-06,1.965463161468506e-05,Connectivity,#4fff00
6MemberedRings,-9.385919706383916e-05,-0.00038620829582214355,Constitution,#ffd500
NumRings,-3.879000856110704e-05,-0.0001282644542781597,Constitution,#ffd500
Xch-7dv,-4.922463134882094e-07,-1.7393719067282376e-06,Connectivity,#4fff00
Xch-3dv,0.0,0.0,Connectivity,#4fff00
MINsssNH,0.0012567911974409318,-0.0008566901087760925,Estate,#6568f7
MAXssNH2,0.0002936115488409996,-0.0014498125423084707,Estate,#6568f7
SssNH2,0.0002245980907570333,6.6086649894714355e-06,Estate,#6568f7
MATS2s,0.002698773433539081,0.003344913775270575,Autocorr,#bfff00
ATSC2are,2.726345238368566e-05,-0.00016148591583431404,Autocorr,#bfff00
ATSC2se,0.00015262480486522012,5.5260278961855036e-05,Autocorr,#bfff00
AATSC6se,-2.7430413121476427e-05,-0.00028423897244722607,Autocorr,#bfff00
AATSC6are,0.0005252872678367382,-0.00024157017469406128,Autocorr,#bfff00
MATS6pe,0.00048389251936564737,0.00025059147314587804,Autocorr,#bfff00
ATSC6dv,0.0002649803222580793,-0.0003381127660925243,Autocorr,#bfff00
MATS5p,0.0001032564111731471,-8.587877858778903e-05,Autocorr,#bfff00
ATSC5i,0.00030161728235811314,0.00024838136001059663,Autocorr,#bfff00
MATS5i,5.811292000801327e-05,-0.00012861734086822008,Autocorr,#bfff00
ATSC4i,0.00026434160430321985,-4.9408863891264865e-05,Autocorr,#bfff00
MATS3d,8.252872662117827e-05,3.775276921003101e-05,Autocorr,#bfff00
ATSC3d,0.00012670652094215473,-3.0751932751149624e-05,Autocorr,#bfff00
AATSC2d,1.313952221115855e-05,-2.0287930965423584e-05,Autocorr,#bfff00
AATSC3v,3.4601173617643255e-05,-9.861859409099338e-07,Autocorr,#bfff00
MATS3Z,7.807785137203815e-06,-3.117864782165025e-05,Autocorr,#bfff00
AATSC3m,-1.8812462010076025e-05,-0.00026617334647616175,Autocorr,#bfff00
SpDiam_Dzpe,-1.235272396704623e-06,-1.1121684855286418e-06,Matrix,#ff00ed
SpDiam_Dzare,-1.5034086324750007e-06,-1.4217062430654792e-06,Matrix,#ff00ed
SumSquareChargeAll,1.2394210154864638e-06,2.9470432887368503e-06,Charge,#0033ff
SssssSn,0.0019035927782005135,0.0010016635060310364,Estate,#6568f7
PChargeHMax,0.0012011131779714468,0.0008405887267806111,Charge,#0033ff
VR2_A,0.0,0.0,Matrix,#ff00ed
Xc-6dv,-2.326613122161092e-07,-1.61203471127358e-07,Connectivity,#4fff00
Xpc-5dv,-3.186816518452318e-07,-8.486888626313416e-07,Connectivity,#4fff00
Xc-3dv,-3.7854029366624076e-07,-1.9540840929810344e-06,Connectivity,#4fff00
ATS4m,2.347017553749886e-06,4.758211699318338e-06,Autocorr,#bfff00
AllSubgraphsOfLength4,1.0474923659464785e-05,1.0198490186130726e-05,Path,#00fff6
AllSubgraphsOfLength5,4.466877065012476e-06,7.760118354349643e-06,Path,#00fff6
AllSubgraphsOfLength6,-4.533000966810974e-07,-5.824999376180529e-07,Path,#00fff6
CyclicTrivalentNodes,-0.00014190553602844158,-0.0007326061075384471,Constitution,#ffd500
NodesSharedby2Rings,-0.00010521921583195315,-0.0005508227781816366,Constitution,#ffd500
EdgesSharedby2Rings,-1.2573532082726935e-05,-4.762411117553711e-05,Constitution,#ffd500
NumCyclicTripleBonds,1.4084221964583143e-05,-4.5099719004237926e-05,Constitution,#ffd500
MINsSH,1.7047605731290716e-05,0.0,Estate,#6568f7
NsSH,8.745965640599707e-08,0.0,Estate,#6568f7
MATS2se,9.508033029059781e-05,9.520487351810658e-06,Autocorr,#bfff00
AATSC2pe,-6.727688014507294e-05,-0.0004927055402236258,Autocorr,#bfff00
AATSC2se,-1.5292655337950656e-05,-0.00011385909535677197,Autocorr,#bfff00
MATS2pe,0.00012825023044238382,0.0001516877250237192,Autocorr,#bfff00
AATSC6pe,0.0005477109754628007,7.502057335573298e-06,Autocorr,#bfff00
MATS6se,0.0004059526730667562,0.00041868402199307653,Autocorr,#bfff00
MATS6dv,0.000321779230778918,8.749623190262845e-05,Autocorr,#bfff00
AATSC6m,0.0003652125597000122,-0.00025239383632491563,Autocorr,#bfff00
ATSC5d,5.347992886206576e-06,-0.0008811849084767731,Autocorr,#bfff00
AATSC5i,0.00018651063807995083,-6.575746969750274e-05,Autocorr,#bfff00
ATSC7m,8.62726433711325e-05,-0.00015391070734371848,Autocorr,#bfff00
AATSC7dv,0.00010071119124244188,-0.00015873326496651519,Autocorr,#bfff00
MATS7dv,0.00010872225869784646,-1.9829381596059292e-05,Autocorr,#bfff00
ATSC7s,0.00019303252073854527,3.852627494027594e-06,Autocorr,#bfff00
AATSC7s,0.00013996034183294537,-4.720146005809944e-05,Autocorr,#bfff00
MATS3m,5.776231939202958e-06,-5.330687219451402e-05,Autocorr,#bfff00
ATSC3Z,7.052482529190662e-06,-9.499964388937077e-05,Autocorr,#bfff00
MATS3pe,2.1406618708974534e-05,-1.6207722100425315e-05,Autocorr,#bfff00
SpDiam_Dzse,-9.774653748628737e-07,-3.6575577476716248e-06,Matrix,#ff00ed
SpDiam_DzZ,1.5263530341869114e-06,1.2936917217487576e-06,Matrix,#ff00ed
MAXssssSn,0.0012168678539721256,0.0004942579702896799,Estate,#6568f7
SumSquareChargeC,-5.222603001286963e-06,-1.5466050668266895e-05,Charge,#0033ff
SdSe,0.0,0.0,Estate,#6568f7
VR1_A,0.0,0.0,Matrix,#ff00ed
NChargeNMax,-4.6533532440662384e-05,-0.002506176856431175,Charge,#0033ff
Xc-5dv,-3.1698833813376126e-07,-1.5524300662761448e-06,Connectivity,#4fff00
Xc-4dv,-1.7187134715435093e-08,-1.7068602831127322e-07,Connectivity,#4fff00
ATS6Z,1.3638795777204393e-06,-2.5596130978078335e-06,Autocorr,#bfff00
Xp-5d,-1.2783672321936557e-05,-4.511326551437378e-05,Connectivity,#4fff00
AllPathsOfLength5,-5.790709771802405e-06,-1.1088495904809648e-05,Path,#00fff6
AllPathsOfLength6,1.3377178799123257e-06,3.044578162025857e-06,Path,#00fff6
fr_bicyclic,0.00025479614057333233,-0.002350342544642392,Fragment,#009eff
NaasC,3.687419335951514e-05,9.82731580734253e-06,Estate,#6568f7
SaasC,0.0019006150012667034,0.0007975311441854593,Estate,#6568f7
NsNH3,0.0,0.0,Estate,#6568f7
MAXsSH,8.01690938800892e-06,0.0,Estate,#6568f7
SsSH,3.1851232051849365e-07,0.0,Estate,#6568f7
ATSC2s,-2.4266710335507646e-05,-0.00016612965952267356,Autocorr,#bfff00
AATSC2are,0.00023131766779860286,0.0002599189227276977,Autocorr,#bfff00
ATSC2dv,0.0003999740054662082,0.0004211196845227416,Autocorr,#bfff00
ATSC6c,0.00023987296630034738,-7.154453884472556e-05,Autocorr,#bfff00
MATS6are,0.0005730765617707467,0.0006787153807552571,Autocorr,#bfff00
AATSC6dv,0.0002946289764209631,-4.7722323374355113e-05,Autocorr,#bfff00
MATS6Z,0.00024013365195563185,-7.992034608672594e-05,Autocorr,#bfff00
MATS5d,-2.4625184861015725e-05,-0.0001546916636554485,Autocorr,#bfff00
AATSC5d,0.0003132527186112677,0.0002825890075076609,Autocorr,#bfff00
ATSC7v,2.1859495477283275e-05,-0.00019232725555251573,Autocorr,#bfff00
ATSC7Z,5.344724790623534e-05,-9.642338210891221e-05,Autocorr,#bfff00
ATSC7dv,-1.6242773695385182e-05,-0.00039327212355355634,Autocorr,#bfff00
ATSC7pe,0.00021756956861784804,-6.866658275783699e-05,Autocorr,#bfff00
ATSC7are,9.538969871680791e-05,-0.00010763718323281157,Autocorr,#bfff00
AATSC7pe,4.19613312591105e-05,-0.00013816898519347642,Autocorr,#bfff00
MATS3dv,5.994787947705138e-05,6.187842650839936e-05,Autocorr,#bfff00
MATS3se,3.994891250680421e-05,1.2496655636962117e-06,Autocorr,#bfff00
MATS3are,-3.4574080597260526e-05,-0.00013419308445672407,Autocorr,#bfff00
LogEE_DzZ,8.60372727617964e-07,5.804679610310615e-07,Matrix,#ff00ed
SpDiam_Dzm,-1.1291862888063164e-06,-2.8176741166952013e-06,Matrix,#ff00ed
PChargeAllMax,0.00016459263861179352,0.00018083778294641917,Charge,#0033ff
PChargeCMax,0.0028115222230553627,0.002964420752091801,Charge,#0033ff
SumSquareChargeH,1.4684417031229913e-06,7.545406167652757e-07,Charge,#0033ff
SsssAs,0.0037254306741736354,0.0031743869185447693,Estate,#6568f7
MATS1c,6.792956793855165e-05,-0.001266392794522453,Autocorr,#bfff00
MINddssS,0.006251812997189465,0.006150986660610536,Estate,#6568f7
SddssS,0.0038099063729698512,0.002696100961078196,Estate,#6568f7
ATS5Z,-2.2920695217365505e-06,-3.879043188992348e-06,Autocorr,#bfff00
Xp-6d,-2.1615996956825256e-06,-1.4106658372092795e-05,Connectivity,#4fff00
Xp-7d,1.8534165892036825e-06,7.687644524967396e-06,Connectivity,#4fff00
NaaaC,-5.124898796671218e-06,-7.69997184927318e-05,Estate,#6568f7
SaaaC,0.00044639146124780815,-0.00024289299141277976,Estate,#6568f7
SMR_VSA9,-6.423077799966315e-06,-8.103522387448159e-06,MOE,#a700ff
fr_para_hydroxylation,0.0009562605145303493,0.002106308937072754,Fragment,#009eff
MINsNH3,0.0,0.0,Estate,#6568f7
MAXsNH3,0.0,0.0,Estate,#6568f7
fr_SH,1.2759119272232056e-06,0.0,Fragment,#009eff
MATS2dv,0.0002464424310760771,0.00021454353224137357,Autocorr,#bfff00
AATSC2s,0.00043456010859121985,0.00036975538188754875,Autocorr,#bfff00
AATSC2dv,0.00035125118764967045,0.00010909614237863963,Autocorr,#bfff00
AATSC2i,0.0002391007305546644,0.0001374645666641916,Autocorr,#bfff00
AATSC6Z,0.0009948331016031986,0.0008922720497304137,Autocorr,#bfff00
MATS6m,0.00021487550640653108,-3.8936734199523926e-05,Autocorr,#bfff00
ATSC6v,2.2743659263357863e-05,-0.00013798272067855333,Autocorr,#bfff00
ATSC6i,0.0001034053381193667,-8.324601433495893e-05,Autocorr,#bfff00
ATSC6d,-0.00020707127722818797,-0.0010074200955304535,Autocorr,#bfff00
MATS7p,-0.00011225247924973036,-0.00041604177518328456,Autocorr,#bfff00
MATS7Z,0.00022228493947873407,0.0001821768554773895,Autocorr,#bfff00
MATS7m,0.00028353159061889066,0.000380488281900182,Autocorr,#bfff00
MATS7are,0.00018601195717404817,0.00019245256077149442,Autocorr,#bfff00
MATS7c,-0.00016855253753333965,-0.0004444691267880829,Autocorr,#bfff00
AATSC7se,6.7011199215150086e-06,-0.00012261149558157047,Autocorr,#bfff00
AATSC3dv,3.919902850280099e-05,-7.5609846548641e-05,Autocorr,#bfff00
AATSC3se,-2.1945600482520256e-05,-7.069314068020027e-05,Autocorr,#bfff00
AATSC3are,0.0001711642200297181,0.0001420134847813781,Autocorr,#bfff00
SpMax_DzZ,5.850399082962809e-07,-1.3207847426865982e-07,Matrix,#ff00ed
SpAbs_Dzm,-7.451427253002407e-07,-1.2110580097646206e-06,Matrix,#ff00ed
NssSe,9.804286740244805e-07,0.0,Estate,#6568f7
MAXssssGe,0.0010024480183016271,-0.00023402409120043544,Estate,#6568f7
NssssSn,0.0,0.0,Estate,#6568f7
NChargeMean,0.008779410696165169,0.009346449917012944,Charge,#0033ff
MAXddsN,0.0032992041246457937,0.003021828830242157,Estate,#6568f7
MAXddssS,0.006665661423043812,0.007248104973272773,Estate,#6568f7
ATSC1s,0.002835956656120131,0.002114029093222114,Autocorr,#bfff00
MAXsssCH,0.0036352338608015566,0.0026015673171390086,Estate,#6568f7
MAXaaaC,0.0008202069015665892,-0.0034778063947504823,Estate,#6568f7
MINaaaC,0.0005846914242614298,-0.0043777532198212565,Estate,#6568f7
SlogP_VSA8,-0.00018330892039963853,-0.000778300518339381,MOE,#a700ff
NumAromaticRings,-0.00013007553802291127,-0.0007013265382160849,Constitution,#ffd500
NumAromaticBonds,-1.618384637613879e-05,-0.00014927035028289293,Constitution,#ffd500
NumAromaticCarbocycles,7.54540616876298e-07,-4.4822015545675775e-05,Constitution,#ffd500
fr_benzene,9.212634441535528e-05,0.00010147081180045259,Fragment,#009eff
SsNH3,0.0,0.0,Estate,#6568f7
NaaNH,-1.0372393509650024e-06,1.1288984255286572e-05,Estate,#6568f7
MAXaaNH,0.00014083993367175474,-4.09937717698039e-05,Estate,#6568f7
ATSC2i,3.375832668761625e-05,1.7263672568490485e-05,Autocorr,#bfff00
MATS2i,0.00040818657726049423,0.000564082102342045,Autocorr,#bfff00
MATS2p,5.709473043680191e-05,2.1898611025306103e-05,Autocorr,#bfff00
ATSC6Z,0.0002857015722177447,0.0002552589232270863,Autocorr,#bfff00
ATSC6m,0.00016046036034822464,7.199902426102689e-05,Autocorr,#bfff00
MATS6p,-9.02392308821387e-06,-0.00023525479164998586,Autocorr,#bfff00
AATSC6i,0.00013165311379870204,-6.292015314102173e-05,Autocorr,#bfff00
MATS6d,6.617986681789478e-05,-3.818896683782658e-05,Autocorr,#bfff00
MATS7v,-7.008117708262596e-06,-0.00016721473498781947,Autocorr,#bfff00
AATSC7v,6.453862244437669e-05,1.0104341940375683e-05,Autocorr,#bfff00
AATSC7m,5.6554055349433696e-05,-8.528544144204009e-05,Autocorr,#bfff00
MATS7pe,0.00017073394900024574,0.00023391233249137056,Autocorr,#bfff00
MATS7se,6.422231143221602e-06,-7.379529151052555e-05,Autocorr,#bfff00
AATSC7are,0.00016967495056718906,0.00020739571614691865,Autocorr,#bfff00
ATSC3dv,5.4658475248103855e-06,-8.781525221746023e-05,Autocorr,#bfff00
ATSC3are,-2.316851168870926e-05,-0.0001745867458257111,Autocorr,#bfff00
AATSC3pe,9.369274432069474e-06,-2.2941014983457464e-05,Autocorr,#bfff00
SpAD_DzZ,2.854080363157152e-07,5.303458733285638e-07,Matrix,#ff00ed
SpAD_Dzm,-1.301396299502322e-06,-1.7305666750733195e-06,Matrix,#ff00ed
MINssssSn,0.0010303892195224762,0.00027185339819291165,Estate,#6568f7
MAXsssssP,0.0019084835763681918,0.0013543414798649067,Estate,#6568f7
MINdSe,0.0,0.0,Estate,#6568f7
PChargeNMax,0.00033571350980887704,-0.00027446652000606697,Charge,#0033ff
SddsN,0.0030529657378792763,0.002566684376109629,Estate,#6568f7
MATS1s,0.0005729637024077805,-0.00029247795993636583,Autocorr,#bfff00
AATSC1s,0.001162213950671953,0.000464803793213564,Autocorr,#bfff00
MINsssCH,0.0025698835538192633,0.0013409317894415018,Estate,#6568f7
AATSC1are,0.00046366690234711516,-0.00020788880911748464,Autocorr,#bfff00
SssssB,0.0032680582424456928,0.002125664868138033,Estate,#6568f7
NumCyclicDoubleBonds,-0.0001562572169032661,-0.0005235401066867595,Constitution,#ffd500
SaaCH,0.00018650081686000242,0.0002572773532433237,Estate,#6568f7
NaaCH,5.033036524604295e-05,5.5235217917948276e-05,Estate,#6568f7
SlogP_VSA6,5.5781734938031846e-05,4.521554166614372e-05,MOE,#a700ff
StsC,-4.1639432311058044e-06,-1.0090795430350852e-05,Estate,#6568f7
fr_diazo,0.0,0.0,Fragment,#009eff
SaaNH,4.341910508576241e-06,3.1366944313049316e-06,Estate,#6568f7
MINaaNH,0.00013111040673474683,-0.000150632451881072,Estate,#6568f7
MATS2v,9.032245725393295e-05,7.056038488040262e-05,Autocorr,#bfff00
ATSC2v,0.00016069657761941247,0.00021510232578614286,Autocorr,#bfff00
MATS2Z,4.0634196590283445e-05,3.8903545249491245e-05,Autocorr,#bfff00
AATSC6v,6.394172933976705e-05,-5.228749730379345e-05,Autocorr,#bfff00
MATS6v,0.00014522053639998145,-9.422207420528572e-05,Autocorr,#bfff00
MATS6i,0.00014256288043479337,0.00010238926519046121,Autocorr,#bfff00
AATSC6d,-0.00019669168713409846,-0.0006424296985974021,Autocorr,#bfff00
ATSC7i,6.242418153723506e-05,-7.632171565841173e-05,Autocorr,#bfff00
AATSC7i,9.498525072226816e-05,7.318502122655168e-06,Autocorr,#bfff00
MATS7i,-0.00010784571482369554,-0.0003980479457161845,Autocorr,#bfff00
AATSC7Z,4.1987154294154116e-05,-9.177151051442678e-05,Autocorr,#bfff00
MATS7s,2.338491718878455e-05,-6.633048707849198e-06,Autocorr,#bfff00
ATSC7se,-8.701685477396914e-06,-0.00010426613417546804,Autocorr,#bfff00
ATSC7c,0.00015334378589282327,0.00019638172604818926,Autocorr,#bfff00
MATS3s,0.0001568003472957047,0.0001714046705851846,Autocorr,#bfff00
ATSC3pe,-0.0001314417035741533,-0.00030822239138872387,Autocorr,#bfff00
AATSC3s,0.0001304070888595854,0.0001538781957192148,Autocorr,#bfff00
SpAbs_DzZ,-1.0139562865996155e-06,-2.6226043701171875e-06,Matrix,#ff00ed
LogEE_Dzm,-3.087757662889601e-07,-9.516423399302809e-07,Matrix,#ff00ed
MAXdSe,0.0,0.0,Estate,#6568f7
SubmolPolarityPara,8.233797482470884e-05,9.789250113745318e-05,Charge,#0033ff
NsssssP,0.0,0.0,Estate,#6568f7
MINdssS,0.001674810847775543,0.0011842738498339944,Estate,#6568f7
MINddsN,0.0015700573778966165,0.0003337778828360616,Estate,#6568f7
MAXssssC,0.00045098516751418405,-0.0018502744761380585,Estate,#6568f7
MINsssP,0.0034056601368568362,0.003048829734325409,Estate,#6568f7
VSA_EState5,0.0008133253590627554,-0.00032730739225050876,MOE,#a700ff
ATSC1pe,0.0009263159537857835,0.0002884011376986795,Autocorr,#bfff00
MAXssssB,0.00717348994856537,0.006853679364377752,Estate,#6568f7
VSA_EState6,0.0002887988124381513,0.0003402416001666575,MOE,#a700ff
SMR_VSA7,0.00019241242923528912,0.0003930201584642079,MOE,#a700ff
EState_VSA7,0.00024282271889131124,0.0002711753953585916,MOE,#a700ff
StN,5.628828975368094e-06,-3.2511624503683834e-08,Estate,#6568f7
NumAcyclicTripleBonds,-3.060241314467582e-06,3.5593455487425985e-06,Constitution,#ffd500
NtsC,-1.8460506742146165e-06,-1.484020189845836e-06,Estate,#6568f7
fr_Ar_NH,8.664771237176794e-06,-9.628859433341574e-06,Fragment,#009eff
AATSC2v,1.5855766832828522e-05,-4.884871569577065e-06,Autocorr,#bfff00
MATS2m,3.041081469168372e-05,-4.145773974340017e-05,Autocorr,#bfff00
AATSC2m,-4.65671447189564e-05,-0.0002488263628700471,Autocorr,#bfff00
ATSC2m,0.0003938673233444545,0.00019730898466974178,Autocorr,#bfff00
ATSC7p,6.255947730959832e-07,-5.791133100840895e-07,Autocorr,#bfff00
ATSC0p,-3.9267946372323337e-07,-3.156336871090737e-06,Autocorr,#bfff00
ATSC8p,-3.6127695982601793e-06,2.834607254365018e-06,Autocorr,#bfff00
AATSC7d,-3.2163902439763525e-05,-0.00031368976289580797,Autocorr,#bfff00
MATS7d,-5.935030904680172e-05,-0.000207854265516505,Autocorr,#bfff00
MATS8d,2.6192854751250216e-05,-3.5481019453609264e-05,Autocorr,#bfff00
ATSC8v,7.0814381946116e-06,-4.955584352672737e-05,Autocorr,#bfff00
ATSC7d,-1.7444603145122528e-05,-0.00022455304861068726,Autocorr,#bfff00
ATSC8Z,9.86378131943022e-05,0.00014687126333057243,Autocorr,#bfff00
ATSC8dv,-4.761953922827189e-05,-0.00010629743337631226,Autocorr,#bfff00
ATSC8se,-3.569107502698898e-05,-0.00011026317423046272,Autocorr,#bfff00
ATSC3s,-5.2634626626968384e-05,-0.0001491463997147502,Autocorr,#bfff00
ATSC3se,1.8402849408793998e-05,-3.6409632726219776e-05,Autocorr,#bfff00
ATSC3c,2.505503256211572e-05,9.532001885470542e-06,Autocorr,#bfff00
VE1_Dzse,-7.743693210771063e-06,-2.9198148033926508e-05,Matrix,#ff00ed
SpMax_Dzm,-1.0200522162495673e-06,-7.850202647929905e-07,Matrix,#ff00ed
MAXsssdAs,0.0010736178268085927,0.00026092000982969044,Estate,#6568f7
LocalDipoleIndex,4.124692217877257e-05,-0.00010461427948693647,Charge,#0033ff
PChargeOMax,0.0009249814532020784,0.0008596093817190287,Charge,#0033ff
SdssS,0.002218924208798212,0.0019643191586841136,Estate,#6568f7
NChargeTotal,0.0016113226725297247,0.0011284452947702972,Charge,#0033ff
MINssssC,0.0004741992293434416,-0.0013948265801777548,Estate,#6568f7
SdssC,0.001664282330735234,0.0016959858211603729,Estate,#6568f7
MAXsssB,0.0007671613076871697,-0.0008994510227984254,Estate,#6568f7
ATSC1are,0.0007780452512882174,-1.875446601351527e-05,Autocorr,#bfff00
MINssssB,0.007060223513028929,0.007030992345376408,Estate,#6568f7
MAXssssSi,0.0025895258242434327,0.0023246556520462036,Estate,#6568f7
MINtsC,0.00025918317789386247,7.175721905439136e-05,Estate,#6568f7
fr_nitrile,-2.2979199208905676e-05,7.101419297128597e-05,Fragment,#009eff
MINtN,0.00013600306754768532,0.00025459853085596507,Estate,#6568f7
NtN,-8.830631315071003e-08,-9.882179173636985e-06,Estate,#6568f7
fr_thiocyan,0.0,0.0,Fragment,#009eff
fr_Nhpyrrole,5.241568115654793e-06,-1.1334365064508134e-05,Fragment,#009eff
ATSC1v,-2.1141784434908217e-05,-0.00012910298325807812,Autocorr,#bfff00
AATSC2Z,0.00017269497567962144,0.0001681101593103973,Autocorr,#bfff00
ATSC2Z,0.000507738187231821,0.0005428188226439534,Autocorr,#bfff00
ATSC5p,-1.566061242019856e-06,-1.402741128808671e-06,Autocorr,#bfff00
AATSC0p,-7.300722327796549e-07,-8.066946810547648e-07,Autocorr,#bfff00
ATSC4p,1.3383105397224426e-06,2.008947459053445e-06,Autocorr,#bfff00
ATSC6p,-1.0266561399907559e-06,-1.8653544513469456e-06,Autocorr,#bfff00
AATSC8i,0.0001340564340353012,9.644979780365492e-05,Autocorr,#bfff00
AATSC8d,0.00017464846711268134,0.00015159493142902214,Autocorr,#bfff00
AATSC8v,-2.2154132073515242e-05,-6.395917047163913e-05,Autocorr,#bfff00
ATSC8d,0.00015831442380498384,4.900450056244399e-05,Autocorr,#bfff00
ATSC8m,-4.611401395293591e-06,-8.41502438893027e-05,Autocorr,#bfff00
AATSC8dv,-0.0001412881538271904,-0.00039051269943068956,Autocorr,#bfff00
MATS8are,-0.00010345021093427498,-0.00026660548015078334,Autocorr,#bfff00
ATSC8c,-1.088572158047807e-05,-0.00010883130810479535,Autocorr,#bfff00
ATSC8s,-6.863855841476862e-05,-0.00013792176138271994,Autocorr,#bfff00
AATSC8s,-5.686418576666963e-05,-0.00013796714219183048,Autocorr,#bfff00
MATS3c,-5.7489187879955495e-05,-0.00016527148810308034,Autocorr,#bfff00
VE1_Dt,5.923965099186024e-05,0.00010109015486448047,Matrix,#ff00ed
VE1_DzZ,6.325771524151591e-05,9.362399578094482e-05,Matrix,#ff00ed
ChargeMeanAbsoulte,-8.379701863625577e-06,-2.3807991634816617e-05,Charge,#0033ff
SsssdAs,0.0017707833850926225,0.0017404596913943582,Estate,#6568f7
NChargeAllMax,0.0005223683335564555,0.0007045004855502635,Charge,#0033ff
MolHydrophilicityFactor,6.253475492656868e-05,1.4933672818240318e-05,Property,#ff6a00
SM1_Dzv,0.0011750328439203983,0.0009729584509675648,Matrix,#ff00ed
SssssC,0.0021291434426199407,0.0017816749486055938,Estate,#6568f7
SsssP,0.001830314116721854,0.0011891831051219492,Estate,#6568f7
MINsssB,0.000701936554502347,-0.00015151636167010096,Estate,#6568f7
MATS1are,0.00013040895150473464,0.00015824491327454115,Autocorr,#bfff00
MATS1se,4.9062665890553525e-05,-1.9703399052328763e-06,Autocorr,#bfff00
MINssssSi,0.001467759720981121,0.0004324953664431863,Estate,#6568f7
SssssSi,0.0016862057488072901,0.0007959719408641153,Estate,#6568f7
MAXtsC,9.232564744632299e-05,-0.00016370144757360539,Estate,#6568f7
MAXtN,6.0719014568832996e-05,0.00010439211671997572,Estate,#6568f7
SMR_VSA2,-6.045976822521837e-07,1.1265277862548828e-05,MOE,#a700ff
StCH,1.4689496973252503e-06,0.0,Estate,#6568f7
ATSC1i,0.0001698836514896218,-0.00018681721253832606,Autocorr,#bfff00
MATS1i,2.2472559728425878e-05,-2.7777796441919023e-05,Autocorr,#bfff00
MATS1v,1.2674199586615309e-05,-7.450580596923828e-08,Autocorr,#bfff00
ATSC1p,-2.2124837745218784e-06,-6.570734761068842e-06,Autocorr,#bfff00
ATSC2p,-1.3937665657159926e-06,-2.229755575067216e-06,Autocorr,#bfff00
ATSC3p,-9.285286068916321e-07,2.9870054929492795e-07,Autocorr,#bfff00
AATSC7p,-1.1150471188603461e-06,-2.50068577856144e-06,Autocorr,#bfff00
AATSC6p,3.847547552893182e-06,5.652281370949197e-06,Autocorr,#bfff00
ATSC8i,-8.17439603534309e-05,-0.0002708821134134176,Autocorr,#bfff00
MATS8i,8.700627156288387e-05,5.862049081106768e-05,Autocorr,#bfff00
MATS8p,-2.6678835803761736e-05,-9.068508039822287e-05,Autocorr,#bfff00
AATSC8Z,-6.422883068968321e-05,-0.0001865212212910361,Autocorr,#bfff00
MATS8m,2.2115270522538033e-05,-2.4088404395383733e-05,Autocorr,#bfff00
MATS8se,3.5802410407570484e-05,4.283948378125402e-05,Autocorr,#bfff00
MATS8s,-1.8164430829581413e-05,-4.6603381633758545e-05,Autocorr,#bfff00
ATSC8are,-2.0647844807597515e-05,-7.281791080138156e-05,Autocorr,#bfff00
ATSC8pe,4.23947349190712e-05,6.667592308717829e-06,Autocorr,#bfff00
AATSC8se,7.461333139446857e-06,-1.641430638055219e-05,Autocorr,#bfff00
VE1_D,-2.051788297485757e-06,-8.790330453423145e-06,Matrix,#ff00ed
VE1_Dzpe,3.845168446958702e-05,5.222721533337804e-05,Matrix,#ff00ed
VE1_Dzi,1.528418876917126e-05,8.612871170043945e-06,Matrix,#ff00ed
MINssssGe,0.0008586536754261465,0.0005133883519605753,Estate,#6568f7
MINsssdAs,0.0010010344399647986,0.0006588121706788685,Estate,#6568f7
NChargeOMax,0.0019028285010295187,0.002074981954964694,Charge,#0033ff
HallKierAlpha,6.198561327031005e-05,-4.152682694602561e-06,Kappa,#00ff86
SM1_Dzp,0.0008202024989507617,0.0008268999782474751,Matrix,#ff00ed
MAXdssC,0.0004379776391116863,-1.617995175451359e-05,Estate,#6568f7
MAXsssP,0.00250271386043599,0.0023761351000178843,Estate,#6568f7
MINdsssP,0.00141367663375358,0.0004688345573164998,Estate,#6568f7
AATSC1pe,0.0005180144005201281,0.0006156563758850098,Autocorr,#bfff00
MATS1pe,8.939985524525351e-05,9.737908840179443e-05,Autocorr,#bfff00
MINsssSiH,0.0013998300683769616,0.0011789541352877908,Estate,#6568f7
SssSiH2,0.001168379729444391,0.0008481530980629648,Estate,#6568f7
MAXtCH,2.309222790330967e-05,0.0,Estate,#6568f7
MINtCH,2.1204183047518477e-05,0.0,Estate,#6568f7
fr_term_acetylene,7.4588778344875095e-06,0.0,Fragment,#009eff
NtCH,-2.0235099484899877e-08,0.0,Estate,#6568f7
AATSC1i,0.0003433411263606967,0.0003525648604739695,Autocorr,#bfff00
MATS1p,0.00010694834319036062,0.00018599697134702442,Autocorr,#bfff00
AATSC1v,-1.811964268028099e-05,-2.462078224529929e-05,Autocorr,#bfff00
AATSC1p,2.4119138040346044e-05,2.1991404620003152e-05,Autocorr,#bfff00
AATSC3p,-1.1831267990758398e-05,-2.050738443037936e-05,Autocorr,#bfff00
AATSC2p,-2.442605115948737e-07,1.8694184034107053e-07,Autocorr,#bfff00
AATSC5p,-9.563836184334207e-06,-2.8001313859826737e-05,Autocorr,#bfff00
AATSC4p,-1.1077658695901604e-06,6.529417904133084e-07,Autocorr,#bfff00
AATSC8p,1.0628168555903983e-05,1.3026324185427818e-05,Autocorr,#bfff00
MATS8v,-5.942887880583392e-05,-0.00010104206475347599,Autocorr,#bfff00
AATSC8m,-3.318649462669132e-05,-7.92687589472596e-05,Autocorr,#bfff00
MATS8Z,-1.2494115666505934e-06,-4.6739524061090165e-05,Autocorr,#bfff00
MATS8dv,-0.00011093364181835597,-0.0002801486036995149,Autocorr,#bfff00
MATS8pe,-5.476354536682049e-05,-0.0002047609199177236,Autocorr,#bfff00
AATSC8are,1.7422674731815135e-05,-6.724284453829554e-05,Autocorr,#bfff00
MATS8c,-7.448091425676928e-05,-0.0002945722504096304,Autocorr,#bfff00
AATSC8pe,4.22500412572413e-05,4.5735727656870395e-05,Autocorr,#bfff00
VE1_Dzp,6.749718026721752e-06,-4.368207671434643e-05,Matrix,#ff00ed
VE1_Dzare,-8.582645519172871e-06,-2.9727816581726074e-05,Matrix,#ff00ed
VE1_Dzv,5.3108500486120924e-05,8.31708312034607e-05,Matrix,#ff00ed
VE1_Dzm,-1.4523721553971747e-05,-3.06957147339082e-05,Matrix,#ff00ed
NChargeHMax,0.0005224492739547282,0.0006509192965247212,Charge,#0033ff
NChargeCMax,0.00021696700291207183,-7.673149759124254e-05,Charge,#0033ff
MAXdssS,0.00089235527610243,0.0006286684762347727,Estate,#6568f7
MolFilterItLogS,0.0008419249206781387,0.0009167201139709258,Property,#ff6a00
ATSC1c,0.00017312414605508142,-0.00023190948096196706,Autocorr,#bfff00
MINdssC,0.0009997100992636954,0.0008114915002475076,Estate,#6568f7
SsssCH,0.0006669095124710589,0.0004212971438060098,Estate,#6568f7
MAXdsssP,0.001133302734656838,0.0006657987833023071,Estate,#6568f7
SdsssP,0.0003322505138138032,-0.0003889521414583985,Estate,#6568f7
ATSC1se,0.0003266097469764029,0.00028084557164798074,Autocorr,#bfff00
MAXsssSiH,0.000767940062690875,0.00027047842741012573,Estate,#6568f7
SsssSiH,0.0015847187658603046,0.001395976001566046,Estate,#6568f7
0,0.0,0.0,NaN,#000000
0,0.0,0.0,NaN,#000000
0,0.0,0.0,NaN,#000000
0,0.0,0.0,NaN,#000000
0,0.0,0.0,NaN,#000000
0,0.0,0.0,NaN,#000000
0,0.0,0.0,NaN,#000000
0,0.0,0.0,NaN,#000000
0,0.0,0.0,NaN,#000000
0,0.0,0.0,NaN,#000000
0,0.0,0.0,NaN,#000000
0,0.0,0.0,NaN,#000000
0,0.0,0.0,NaN,#000000
0,0.0,0.0,NaN,#000000
0,0.0,0.0,NaN,#000000
0,0.0,0.0,NaN,#000000
0,0.0,0.0,NaN,#000000
0,0.0,0.0,NaN,#000000
0,0.0,0.0,NaN,#000000
0,0.0,0.0,NaN,#000000
0,0.0,0.0,NaN,#000000
0,0.0,0.0,NaN,#000000
0,0.0,0.0,NaN,#000000
0,0.0,0.0,NaN,#000000
0,0.0,0.0,NaN,#000000
