Label,a_acc,a_don,logP(o/w),TPSA,Weight,Molecular_Formula
TICT,1,0,2.2869999,28.719999,174.22701,C9H6N2S
TICT,1,0,2.444,28.719999,174.22701,C9H6N2S
TICT,2,1,1.475,40.540001,165.192,C9H11NO2
TICT,1,0,1.748,20.309999,149.19299,C9H11NO
TICT,2,0,1.22,87.980003,208.177,C8H8N4O3
TICT,4,0,2.3740001,36.919998,584.58398,C8H6O4Pb2
TICT,2,0,0.14399999,37.380001,153.181,C8H11NO2
TICT,9,0,22.111,103.77,1297.569,C87H72N6O6
TICT,0,0,21.530001,12.96,1043.4559,C76H74N4
TICT,3,0,19.052999,43.599998,903.10095,C67H42N4
TICT,3,0,16.468,83.010002,902.138,C64H49N6+3
TICT,2,0,19.34152,54.060001,983.07196,C64H44F6N4
TICT,2,0,16.653999,54.060001,819.02399,C60H42N4
TICT,1,0,16.607,37.25,844.15601,C59H61N3O2+2
TICT,0,0,15.49576,49.830002,972.54596,C57H57B3F6N6
TICT,6,0,10.83653,69.18,1003.574,C56H66N4O4SSi4
TICT,0,0,18.396,0,910.49396,C56H56B2Br2
TICT,6,0,16.92812,83.82,885.09198,C56H36N8S2
TICT,6,0,17.24612,83.82,883.07599,C56H34N8S2
TICT,0,0,14.67092,23.09,812.81598,C55H47BF2N4
TICT,2,0,16.747999,37.380001,729.96399,C53H47NO2
TICT,2,0,15.902,38.130001,739.96301,C53H45N3O
TICT,6,2,6.9099202,135.71001,932.75,C49H54B2F2N5O6S2+
TICT,1,0,10.678,20.309999,742.06201,C48H48NOPSi2
TICT,1,0,11.154,22,740.04596,C48H46NOPSi2
TICT,0,0,13.112,14.24,672.87598,C48H40N4+2
TICT,4,0,11.645,78,751.90698,C48H37N3O4S
TICT,6,0,10.285,145.98,701.79297,C48H27N7
TICT,0,0,13.90292,19.85,701.71301,C47H46BF2N3
TICT,2,0,12.709,21.700001,663.66901,C47H42BNO2
TICT,2,0,12.861,21.700001,663.66901,C47H42BNO2
TICT,0,0,13.751,7.1199999,631.84296,C47H39N2+
TICT,5,0,11.90553,57.130001,673.81598,C47H35N3O2
TICT,3,0,9.9759197,50.779999,752.71399,C46H47BF2N4O3
TICT,3,0,9.7369204,58.509998,765.67297,C46H45BF2N4O2P+
TICT,0,0,13.278,6.02,622.85596,C46H42N2+2
TICT,0,0,13.359,4.9299998,619.65997,C46H42BN
TICT,0,0,14.24184,33.220001,796.48798,C46H26B2F4N4S2
TICT,2,0,12.58392,38.310001,737.72296,C45H42BF2N3O2S
TICT,0,0,14.873,11,683.94397,C45H37N3S2+2
TICT,1,0,12.44,18.84,615.77997,C45H33N3
TICT,3,2,10.723,78.639999,657.78998,C44H37N2O4+
TICT,2,0,12.024,40.619999,654.91901,C43H46N2O2S
TICT,1,0,12.218,33.419998,615.797,C43H39N2O2+
TICT,4,0,9.6800003,58.860001,610.75696,C43H34N2O2
TICT,1,0,12.21,27.030001,608.80896,C43H32N2S
TICT,1,0,12.615,21.059999,589.742,C43H31N3
TICT,0,0,13.14592,16.610001,622.526,C43H29BF2N2
TICT,3,0,10.405,41.91,628.75696,C42H57BN4
TICT,6,0,10.12748,62.700001,632.76001,C42H36N2O4
TICT,2,0,11.385,50.82,575.71497,C42H29N3
TICT,4,0,10.39753,83.220001,614.71198,C42H26N6
TICT,0,0,14.90592,16.610001,672.716,C41H39BF2N2S2
TICT,0,0,14.94292,16.610001,672.716,C41H39BF2N2S2
TICT,2,0,11.516,25.58,601.578,C41H38BN2O2+
TICT,4,0,13.248,78.290001,726.75598,C41H29Cl2N5S2
TICT,2,1,12.01,44.02,547.65698,C41H25NO
TICT,4,0,12.588,74.760002,630.914,C40H58N2O4
TICT,0,0,10.401,3.01,534.76697,C40H40N+
TICT,2,1,13.503,42.23,563.74097,C40H37NO2
TICT,4,1,11.63,74.68,593.72296,C40H35NO4
TICT,1,0,11.624,15.25,560.82599,C39H48N2O+2
TICT,2,0,7.0640001,56.099998,615.79797,C39H43N4O3+
TICT,5,5,8.3909998,98.449997,606.70197,C39H32N3O4+
TICT,5,5,8.6350002,98.449997,604.68597,C39H30N3O4+
TICT,3,0,10.008,52.98,571.67999,C39H29N3O2
TICT,2,1,10.626,47.16,556.66498,C39H28N2O2
TICT,2,0,10.419,50.82,533.71899,C38H35N3
TICT,3,0,10.651,30.93,581.73596,C38H31NO3S
TICT,0,0,11.074,7.1199999,515.67999,C38H31N2+
TICT,3,0,9.1210003,80.599998,541.65399,C38H27N3O
TICT,4,1,11.712,66.089996,588.711,C38H26N3O2S+
TICT,2,0,12.184,71.599998,587.703,C38H25N3O2S
TICT,4,0,8.3920002,98.400002,547.62097,C38H21N5
TICT,6,3,6.1789999,115.67,585.75201,C37H39N5O2
TICT,4,1,7.2139201,67.129997,631.53497,C37H36BF2N5O2
TICT,2,0,8.1260004,29.540001,556.66602,C37H35NO2P+
TICT,0,0,10.75792,19.85,567.49097,C37H32BF2N3
TICT,1,0,9.3889999,33.900002,533.61096,C37H28NOP
TICT,1,0,10.655,21.059999,513.64398,C37H27N3
TICT,2,0,11.281,32.259998,590.77496,C37H26N4S2
TICT,0,0,10.888,7.9400001,513.67999,C36H34FN2+
TICT,2,0,8.9879999,32.900002,517.65601,C36H29N4+
TICT,3,3,9.3889999,61.759998,515.61597,C36H25N3O
TICT,2,0,8.849,50.82,499.61697,C36H25N3
TICT,2,0,9.3240004,40.619999,612.79797,C36H24N2O2S3
TICT,2,0,9.4709997,53.330002,516.59998,C36H24N2O2
TICT,1,0,10.636,20.309999,485.67099,C35H35NO
TICT,2,0,7.7659998,54.060001,508.66898,C35H32N4
TICT,1,2,9.1189203,62.860001,559.46796,C35H32BF2N3O
TICT,1,0,9.7379999,21.700001,490.62997,C35H28N3+
TICT,4,0,10.26792,30.93,575.41901,C35H28BF2NO4
TICT,2,2,10.675,33.610001,568.51801,C35H26BrN3
TICT,0,0,10.43992,16.610001,522.40601,C35H25BF2N2
TICT,1,0,11.92292,17.620001,555.45599,C35H24BF2NOS
TICT,4,2,7.4660001,85.489998,514.58801,C35H22N4O
TICT,6,0,6.3740001,100.54,560.56897,C35H20N4O4
TICT,2,0,8.6780005,40.139999,502.68198,C34H36N3O+
TICT,0,0,9.4449997,4.9299998,467.46399,C34H34BN
TICT,3,1,7.79,41.82,485.62698,C34H31NO2
TICT,2,0,7.71,43.860001,513.64099,C34H31N3O2
TICT,1,1,9.618,32.34,510.66098,C34H26N2OS
TICT,2,0,9.5035295,62.459999,526.59198,C34H26N2O4
TICT,2,0,9.2010002,36.259998,478.595,C34H26N2O
TICT,0,1,10.034,15.27,492.646,C34H24N2S
TICT,5,4,7.309,120.42,614.70599,C34H22N4O4S2
TICT,2,0,8.0649996,66.470001,506.56097,C34H22N2O3
TICT,2,0,8.8800001,53.330002,522.62799,C34H22N2O2S
TICT,2,0,7.4419999,25.58,509.694,C33H39N3O2+2
TICT,5,3,4.5370002,126.07,584.67297,C33H36N4O6
TICT,6,0,6.256,61.75,538.64398,C33H34N2O5
TICT,1,0,8.5970001,23.549999,474.64798,C33H34N2O
TICT,2,1,7.4499998,52.779999,505.638,C33H33N2O3+
TICT,1,0,8.1569996,38.540001,490.62299,C33H32NO3+
TICT,6,4,7.5,123.38,548.64301,C33H32N4O4
TICT,5,0,6.8049998,111.26,614.53998,C33H32BrN3O4
TICT,0,0,9.9209995,7.9400001,455.625,C33H31N2+
TICT,3,2,5.9530001,70.669998,513.59698,C33H27N3O3
TICT,0,0,8.7539997,6.25,483.659,C33H27N2S+
TICT,1,0,11.012,18.040001,499.65799,C33H27N2OS+
TICT,4,0,6.9510002,51.139999,492.582,C33H24N4O
TICT,2,1,9.3459997,78.410004,496.56598,C33H24N2O3
TICT,1,0,10.278,58.709999,510.617,C33H22N2O2S
TICT,3,0,8.1499996,46.09,475.55099,C33H21N3O
TICT,2,0,8.4490004,25.58,491.46298,C32H36BN2O2+
TICT,3,2,6.881,73.010002,521.44501,C32H34BN2O4+
TICT,5,0,5.1570001,69.639999,551.71497,C32H33N5O2S
TICT,1,0,7.2729998,32.549999,475.612,C32H31N2O2+
TICT,4,0,5.5370002,72.940002,518.685,C32H30N4OS
TICT,2,0,7.8740001,29.02,453.58899,C32H27N3
TICT,3,0,6.3610001,89.099998,487.57898,C32H27N2O3-
TICT,3,1,8.2539997,59.619999,465.556,C32H23N3O
TICT,1,0,7.8189998,32.549999,469.64899,C31H37N2O2+
TICT,5,1,4.9450002,73.089996,510.61398,C31H32N3O4+
TICT,2,1,6.7909999,38.84,462.617,C31H32N3O+
TICT,3,0,6.5055299,49.330002,472.59198,C31H28N4O
TICT,0,0,8.7979202,19.85,491.39297,C31H28BF2N3
TICT,3,1,7.0630002,60.619999,475.56799,C31H27N2O3+
TICT,1,0,10.604,21.700001,502.686,C31H24N3S2+
TICT,4,2,6.9949999,79.730003,520.60901,C31H24N2O4S
TICT,2,0,8.1990004,40.619999,488.61099,C31H24N2O2S
TICT,2,0,7.3730001,29.540001,441.53,C31H23NO2
TICT,1,0,8.1789999,13.6,481.68799,C30H33N4S+
TICT,1,0,5.961,33.299999,465.621,C30H33N4O+
TICT,0,0,8.0439997,6.25,421.608,C30H33N2+
TICT,0,0,8.2869997,6.02,452.66599,C30H32N2S+2
TICT,2,0,5.2659998,50.82,429.56699,C30H27N3
TICT,1,0,8.632,15.6,446.61798,C30H26N2S
TICT,1,1,6.53092,45.709999,493.36499,C30H26BF2N3O
TICT,2,1,6.75,65.410004,440.54999,C30H24N4
TICT,4,0,7.2839999,66.040001,442.51797,C30H22N2O2
TICT,2,0,8.7390003,41.610001,455.58499,C30H21N3S
TICT,0,0,12.28956,4.9299998,739.20795,C30H12BF18N
TICT,11,6,-3.671,181.25999,610.672,C29H38N8O7
TICT,3,0,6.7940001,61.740002,435.57098,C29H29N3O
TICT,0,0,7.8959999,6.25,437.63098,C29H29N2S+
TICT,3,0,7.573,31.57,438.547,C29H28NO3+
TICT,0,0,8.6070004,12.69,417.556,C29H27N3+2
TICT,3,2,7.2249999,55.709999,467.01599,C29H27ClN4
TICT,1,1,10.601,79.019997,476.56,C29H26N5O2+
TICT,2,1,6.4130001,49.41,513.50201,C29H26N2O2Se
TICT,1,0,7.395,27.030001,402.54099,C29H26N2
TICT,8,8,8.1280003,154.13,586.42401,C29H25Cl2NO8
TICT,5,2,4.5869999,111.71,633.44598,C29H24IN5O4
TICT,2,0,6.8699999,35.91,429.52298,C29H23N3O
TICT,6,4,8.0939999,127.11,548.42596,C29H23Cl2N3O4
TICT,4,0,5.8540001,62.040001,506.65399,C29H22N4OS2
TICT,1,0,7.02,17.82,398.509,C29H22N2
TICT,3,0,8.1700602,41.91,456.573,C29H20N4S
TICT,2,0,5.0710001,58.849998,465.61398,C28H37N2O4+
TICT,4,0,7.9875302,44.240002,432.608,C28H36N2O2
TICT,1,0,6.0619202,46.150002,495.422,C28H36BF2N3O2
TICT,1,1,5.783,26.48,415.60098,C28H35N2O+
TICT,2,0,7.1529999,25.58,441.40298,C28H34BN2O2+
TICT,0,0,8.1470003,7.1199999,429.65201,C28H33N2S+
TICT,0,0,7.0999999,6.25,397.586,C28H33N2+
TICT,1,0,7.6409998,33.419998,427.56799,C28H31N2O2+
TICT,1,0,4.5809999,32.549999,427.56799,C28H31N2O2+
TICT,1,0,6.4749999,28.370001,456.634,C28H30N3OS+
TICT,1,0,7.3559999,32.549999,462.013,C28H30ClN2O2+
TICT,4,0,4.2509999,53.09,455.55798,C28H29N3O3
TICT,1,0,6.053,32.549999,425.552,C28H29N2O2+
TICT,2,2,6.9569998,47.580002,435.35498,C28H28BN2O2+
TICT,0,0,7.5419998,3.24,377.53101,C28H27N
TICT,1,1,7.941,23.24,392.522,C28H26NO+
TICT,3,0,5.4419999,65.400002,416.52798,C28H24N4
TICT,2,0,7.0019999,36.259998,404.513,C28H24N2O
TICT,7,4,3.6110599,139.53999,493.52298,C28H23N5O4
TICT,3,0,6.9970002,61.740002,417.51199,C28H23N3O
TICT,0,0,9.1129999,7.1199999,419.57199,C28H23N2S+
TICT,1,0,8.9189997,16.129999,450.63,C28H22N2S2
TICT,1,0,7.8179998,17.82,386.49799,C28H22N2
TICT,4,3,5.473,72.190002,432.479,C28H20N2O3
TICT,3,2,7.3169999,62.220001,446.53,C28H18N2O2S
TICT,0,0,8.8199997,0,354.452,C28H18
TICT,1,1,6.9359999,26.48,399.55798,C27H31N2O+
TICT,3,0,6.112,61.740002,407.517,C27H25N3O
TICT,1,0,7.6799998,15.6,376.50299,C27H24N2
TICT,4,2,6.2010002,90.629997,474.944,C27H23ClN2O4
TICT,3,0,7.8180599,41.91,466.633,C27H22N4S2
TICT,1,0,7.9910002,16.129999,406.55298,C27H22N2S
TICT,1,0,7.993,16.129999,406.55298,C27H22N2S
TICT,1,0,8.0299997,16.129999,406.55298,C27H22N2S
TICT,1,0,7.993,16.129999,406.55298,C27H22N2S
TICT,1,0,8.2659998,16.129999,436.603,C27H20N2S2
TICT,0,0,7.66292,19.85,435.285,C27H20BF2N3
TICT,3,0,5.645,65.400002,398.46899,C27H18N4
TICT,0,0,7.9060001,4.0999999,399.32498,C27H18BNS
TICT,2,0,8.7060003,29.959999,531.24701,C27H17Br2NO
TICT,0,0,9.6499996,4.0999999,557.117,C27H16BBr2NS
TICT,2,0,6.631,53.330002,408.586,C26H36N2O2
TICT,3,0,5.64748,82.779999,485.60098,C26H31NO6S
TICT,0,0,6.5190001,10.36,384.547,C26H30N3+
TICT,1,0,5.5650001,32.549999,401.53,C26H29N2O2+
TICT,1,1,5.2169199,45.709999,443.30499,C26H24BF2N3O
TICT,1,0,7.118,20.309999,365.47598,C26H23NO
TICT,5,3,3.6229999,186.91,549.56396,C26H23N5O7S
TICT,0,0,7.5320001,7.1199999,363.48398,C26H23N2+
TICT,0,0,7.493,7.1199999,363.48398,C26H23N2+
TICT,3,0,4.7179999,83.839996,406.48898,C26H22N4O
TICT,2,0,5.395,50.82,375.47501,C26H21N3
TICT,2,0,7.52,25.360001,408.52499,C26H20N2OS
TICT,1,0,7.178,20.309999,393.50998,C26H19NOS
TICT,3,0,6.3150001,61.740002,389.45798,C26H19N3O
TICT,0,0,7.0630002,3.24,345.44498,C26H19N
TICT,2,0,6.5900002,50.82,371.44299,C26H17N3
TICT,2,0,6.5289998,41.610001,371.44299,C26H17N3
TICT,2,0,7.1300001,25.780001,356.42798,C26H16N2
TICT,0,0,8.1800003,3.24,437.41098,C26H16F5N
TICT,1,0,8.4630003,29.540001,389.62399,C25H43NO2
TICT,2,2,6.0209198,63.82,439.33398,C25H30BF2N2O2+
TICT,2,0,5.9047399,73.550003,455.57498,C25H29NO5S
TICT,0,1,5.8000002,59.16,385.535,C25H29N4+
TICT,7,4,-0.022,150.72,496.51999,C25H28N4O7
TICT,3,1,3.3440001,55.889999,416.52499,C25H28N4O2
TICT,3,3,5.8649998,78.43,404.50998,C25H28N2O3
TICT,3,1,4.2290001,71.050003,385.51099,C25H27N3O
TICT,4,2,4.619,80.599998,428.31998,C25H27BN3O3+
TICT,3,1,4.789,54.68,416.50098,C25H26N3O3+
TICT,5,1,3.1389999,73.32,431.492,C25H25N3O4
TICT,2,0,5.9070001,41.630001,383.495,C25H25N3O
TICT,2,0,6.6630001,36.900002,369.48801,C25H25N2O+
TICT,0,0,6.2969198,20.49,416.30298,C25H25BF2N3+
TICT,2,2,5.9000001,40.540001,367.448,C25H21NO2
TICT,0,0,7.2389998,7.3400002,349.457,C25H21N2+
TICT,0,0,7.92068,16.610001,454.25,C25H20BF5N2
TICT,5,0,4.8261199,74.309998,417.47598,C25H19N7
TICT,1,0,7.5289998,16.129999,378.49899,C25H18N2S
TICT,2,1,7.256,36.360001,394.49799,C25H18N2OS
TICT,0,0,6.1199999,6.48,344.50198,C24H28N2
TICT,1,0,6.1620002,64.32,425.54898,C24H27NO4S
TICT,1,0,5.0879998,20.309999,343.47,C24H25NO
TICT,1,0,6.5529199,25.84,406.284,C24H25BF2N2O
TICT,1,0,4.5970001,32.779999,372.46799,C24H24N2O2
TICT,3,0,4.7729998,24.83,356.46899,C24H24N2O
TICT,1,0,4.8364501,32.689999,431.298,C24H24BF2N5
TICT,2,2,4.4920001,52.779999,387.45898,C24H23N2O3+
TICT,4,1,4.4619999,60.849998,386.45099,C24H22N2O3
TICT,0,0,7.0840001,7.7600002,338.45398,C24H22N2+2
TICT,2,0,5.573,46.610001,371.436,C24H21NO3
TICT,5,0,6.5549202,36.919998,438.23398,C24H21BF2O5
TICT,0,0,6.4619999,0,319.23499,C24H20B-
TICT,0,0,8.2209997,3.8800001,352.48099,C24H18NS+
TICT,2,1,5.5760002,40.52,426.56799,C24H18N4S2
TICT,0,0,7.1279998,3.8800001,320.41498,C24H18N+
TICT,3,0,5.697,41.900002,404.41599,C24H18F2N2O2
TICT,4,0,4.1570001,94.919998,423.5,C24H17N5OS
TICT,2,0,6.053,47.580002,330.38998,C24H14N2
TICT,0,0,4.3410001,6.25,331.483,C23H27N2+
TICT,0,0,5.9510002,6.25,331.483,C23H27N2+
TICT,2,0,5.87853,37.830002,404.56198,C23H26N5S+
TICT,7,4,-0.90799999,150.72,470.48199,C23H26N4O7
TICT,1,1,4.9770002,26.709999,346.474,C23H26N2O
TICT,4,0,3.585,84.93,408.45398,C23H24N2O5
TICT,1,0,5.619,20.309999,361.509,C23H23NOS
TICT,3,0,4.1290598,45.150002,369.47198,C23H23N5
TICT,0,0,7.3470001,3.8800001,312.436,C23H22N+
TICT,2,0,5.6739998,50.82,375.90298,C23H22ClN3
TICT,3,0,5.4860601,41.91,384.50699,C23H20N4S
TICT,3,0,4.3140602,41.91,352.44098,C23H20N4
TICT,4,2,4.5320001,88.040001,356.42499,C23H20N2O2
TICT,3,0,4.0050001,63.68,373.40799,C23H19NO4
TICT,0,0,7.5840001,7.7600002,403.323,C23H19BrN2+2
TICT,1,0,6.3359199,25.84,388.22498,C23H19BF2N2O
TICT,4,0,3.26,72.940002,398.48999,C23H18N4OS
TICT,3,1,5.8439999,60.790001,384.483,C23H18N3OS+
TICT,1,0,6.0209999,27.030001,354.47699,C23H18N2S
TICT,4,3,4.8340001,75.629997,371.392,C23H17NO4
TICT,1,0,5.5650001,33.419998,351.47,C22H27N2O2+
TICT,2,0,3.70892,41.970001,444.358,C22H27BF2N4OS
TICT,2,2,4.881,47.580002,359.25699,C22H24BN2O2+
TICT,0,0,6.1539998,7.1199999,315.44,C22H23N2+
TICT,2,0,4.9239998,31.84,356.453,C22H22N5+
TICT,3,0,3.335,70.400002,394.495,C22H22N2O3S
TICT,1,0,6.1810002,12.47,315.41599,C22H21NO
TICT,2,0,6.3499999,24.719999,376.548,C22H20N2S2
TICT,3,0,3.7030001,79.629997,406.46201,C22H18N2O4S
TICT,2,1,5.5079999,45.049999,326.39899,C22H18N2O
TICT,3,2,4.3130002,66.839996,359.38098,C22H17NO4
TICT,2,0,5.744,57.529999,359.38098,C22H17NO4
TICT,2,0,5.2529998,46.610001,343.38199,C22H17NO3
TICT,1,0,5.901,16.77,309.392,C22H17N2+
TICT,4,0,5.0367398,61.830002,360.36499,C22H16O5
TICT,1,0,4.6149998,23.549999,324.46799,C21H28N2O
TICT,3,2,5.9879999,52.82,325.452,C21H27NO2
TICT,4,1,3.855,88.43,384.43198,C21H24N2O5
TICT,1,0,4.8119998,33.419998,335.427,C21H23N2O2+
TICT,2,0,4.3210001,47.360001,347.418,C21H21N3O2
TICT,0,1,5.2030001,55.919998,314.41199,C21H20N3+
TICT,4,0,4.0570002,51.130001,348.40198,C21H20N2O3
TICT,0,0,4.3309999,49.060001,332.40298,C21H20N2O2
TICT,1,0,5.3540001,31.23,317.388,C21H19NO2
TICT,1,1,5.848,21.26,301.38901,C21H19NO
TICT,3,1,4.1279998,56.139999,383.39798,C21H19F2N3O2
TICT,3,0,5.2659998,53.990002,342.40198,C21H18N4O
TICT,1,0,5.9390001,16.129999,330.45499,C21H18N2S
TICT,1,0,6.033,16.129999,330.45499,C21H18N2S
TICT,1,0,6.0700002,16.129999,330.45499,C21H18N2S
TICT,4,2,4.3829999,79.120003,347.37,C21H17NO4
TICT,1,1,5.552,35.82,296.37299,C21H16N2
TICT,3,0,5.2940001,52.599998,330.33899,C21H14O4
TICT,4,2,4.1059999,108.64,369.336,C21H11N3O4
TICT,1,0,3.2550001,27.84,324.448,C20H26N3O+
TICT,4,2,2.4909999,70,341.40698,C20H23NO4
TICT,3,0,2.684,43.860001,337.423,C20H23N3O2
TICT,0,0,4.2129202,19.85,353.224,C20H22BF2N3
TICT,1,0,4.4699998,20.309999,291.39398,C20H21NO
TICT,0,0,6.303,7.1199999,321.46799,C20H21N2S+
TICT,1,0,4.9229999,16.129999,288.39398,C20H20N2
TICT,2,1,4.046,49.77,321.37601,C20H19NO3
TICT,3,1,4.6820002,58.889999,321.37601,C20H19NO3
TICT,3,2,3.766,58.220001,333.39099,C20H19N3O2
TICT,3,0,3.691,79.629997,382.44,C20H18N2O4S
TICT,2,0,5.158,29.540001,303.36099,C20H17NO2
TICT,2,0,4.7690001,39.919998,331.44299,C20H17N3S
TICT,2,0,4.6539998,33.200001,300.36099,C20H16N2O
TICT,2,0,4.6539998,33.200001,300.36099,C20H16N2O
TICT,1,0,5.6240001,17.82,284.362,C20H16N2
TICT,2,0,4.506,46.610001,317.34399,C20H15NO3
TICT,1,0,5.7290001,31.23,301.345,C20H15NO2
TICT,3,1,4.6479998,45.48,298.345,C20H14N2O
TICT,0,0,5.2579999,47.25,438.37598,C20H11F5N2O2S
TICT,2,2,3.8069999,55.919998,328.504,C19H26N3S+
TICT,1,1,4.8280001,27.35,297.422,C19H25N2O+
TICT,2,0,3.937,40.619999,312.41299,C19H24N2O2
TICT,1,0,5.04,20.309999,281.39899,C19H23NO
TICT,0,0,5.0240002,7.1199999,279.40698,C19H23N2+
TICT,2,1,4.7379999,35.830002,294.39798,C19H22N2O
TICT,2,1,3.1059999,49.77,311.38098,C19H21NO3
TICT,2,0,3.868,51.459999,290.38998,C19H20N3+
TICT,1,0,4.1570001,16.129999,276.383,C19H20N2
TICT,1,2,3.9109199,62.860001,355.19598,C19H20BF2N3O
TICT,1,0,5.0009999,20.309999,309.43298,C19H19NOS
TICT,3,0,3.9590001,38.77,341.431,C19H19NO3S
TICT,2,1,4.2020001,40.540001,293.366,C19H19NO2
TICT,2,0,3.4159999,35.91,305.38098,C19H19N3O
TICT,3,1,2.74,103.14,334.379,C19H18N4O2
TICT,3,1,3.454,62.130001,322.36398,C19H18N2O3
TICT,3,1,2.638,59,323.34799,C19H17NO4
TICT,2,0,4.1129999,50.82,287.366,C19H17N3
TICT,5,2,5.4219999,74.410004,320.34799,C19H16N2O3
TICT,3,0,2.277,77.120003,317.34799,C19H15N3O2
TICT,5,1,5.4439998,63.41,318.332,C19H14N2O3
TICT,3,1,4.2129998,52.900002,340.32898,C19H14F2N2O2
TICT,1,0,5.1999998,22,271.319,C19H13NO
TICT,4,2,3.1819999,78.910004,315.332,C19H13N3O2
TICT,3,1,4.5539999,52.900002,376.30899,C19H12F4N2O2
TICT,0,0,4.7600002,7.1199999,267.396,C18H23N2+
TICT,2,0,3.4949999,40.619999,298.38599,C18H22N2O2
TICT,0,0,4.6830001,7.1199999,265.38,C18H21N2+
TICT,4,3,3.539,73.129997,312.36899,C18H20N2O3
TICT,4,3,3.5369999,73.129997,312.36899,C18H20N2O3
TICT,3,2,3.812,52.900002,296.37,C18H20N2O2
TICT,2,0,3.9360001,29.540001,281.35498,C18H19NO2
TICT,3,0,1.579,56.57,309.36899,C18H19N3O2
TICT,2,0,4.7119999,25.360001,310.42099,C18H18N2OS
TICT,4,0,4.9369202,27.690001,346.13699,C18H17BF2O4
TICT,2,1,3.869,68.18,304.353,C18H16N4O
TICT,3,1,3.4100001,62.130001,308.33701,C18H16N2O3
TICT,2,0,3.6400001,44.099998,276.33899,C18H16N2O
TICT,2,1,3.5669999,60.110001,289.33798,C18H15N3O
TICT,1,0,5.6907601,16.129999,348.392,C18H15F3N2S
TICT,4,2,5.4679999,65.18,290.32199,C18H14N2O2
TICT,4,3,4.125,69.889999,291.306,C18H13NO3
TICT,2,0,4.1620002,39.919998,301.37299,C18H11N3S
TICT,1,0,5.4367599,16.129999,344.35999,C18H11F3N2S
TICT,3,1,4.046,67.809998,334.423,C18H10N2OS2
TICT,2,1,2.809,58.639999,302.37399,C17H22N2O3
TICT,1,0,4.171,20.309999,255.36099,C17H21NO
TICT,0,0,4.4109998,7.1199999,253.36899,C17H21N2+
TICT,3,0,3.56548,31.57,286.35098,C17H20NO3+
TICT,0,0,2.753,18.280001,266.36798,C17H20N3+
TICT,3,2,3.552,56.060001,284.35901,C17H20N2O2
TICT,1,0,3.944,20.309999,253.345,C17H19NO
TICT,1,0,4.3740001,20.309999,253.345,C17H19NO
TICT,1,0,4.3740001,20.309999,253.345,C17H19NO
TICT,1,0,4.3740001,20.309999,253.345,C17H19NO
TICT,2,1,1.9400001,56.130001,281.35901,C17H19N3O
TICT,0,0,5.3499999,7.1199999,283.41901,C17H19N2S+
TICT,1,1,4.053,46.330002,298.41,C17H18N2OS
TICT,3,1,2.4860001,49.77,283.327,C17H17NO3
TICT,1,0,5.3559999,55.049999,283.327,C17H17NO3
TICT,2,2,3.7509999,40.540001,267.328,C17H17NO2
TICT,2,1,3.6700001,40.540001,267.328,C17H17NO2
TICT,1,0,3.98,20.309999,251.32899,C17H17NO
TICT,1,1,4.0840001,42.150002,295.41,C17H17N3S
TICT,1,0,4.7189999,16.129999,280.39499,C17H16N2S
TICT,1,0,4.572,20.309999,285.77399,C17H16ClNO
TICT,2,1,3.072,49.77,281.311,C17H15NO3
TICT,3,2,4.138,52.82,263.29599,C17H13NO2
TICT,0,0,3.5439999,6.48,242.366,C16H22N2
TICT,0,0,4.0780001,7.1199999,239.342,C16H19N2+
TICT,0,0,4.039,7.1199999,239.342,C16H19N2+
TICT,2,0,2.7969999,53.330002,270.332,C16H18N2O2
TICT,1,0,3.5020001,20.309999,239.31799,C16H17NO
TICT,1,0,4.0409999,20.309999,239.31799,C16H17NO
TICT,1,0,4.0409999,20.309999,239.31799,C16H17NO
TICT,2,0,4.71245,33.75,351.59198,C16H17BClF2N3O
TICT,2,2,3.579,41.18,286.375,C16H16NO2S+
TICT,3,2,2.3180001,64.330002,268.31598,C16H16N2O2
TICT,0,0,4.3600001,49.060001,268.31598,C16H16N2O2
TICT,2,0,2.3010001,50.82,249.317,C16H15N3
TICT,1,0,3.0014501,29.450001,312.13098,C16H15BF2N4
TICT,1,1,4.4510002,24.92,266.36801,C16H14N2S
TICT,2,0,2.2939999,40.619999,266.29999,C16H14N2O2
TICT,3,2,3.0550001,61.689999,266.29999,C16H14N2O2
TICT,3,2,5.8860002,57.509998,263.29999,C16H13N3O
TICT,4,2,0.54500002,93.790001,290.319,C15H18N2O4
TICT,2,0,2.4960001,55.84,275.30399,C15H17NO4
TICT,3,1,1.625,89.199997,267.336,C15H17N5
TICT,5,1,2.983,91.290001,308.28598,C15H16O7
TICT,4,4,2.2755301,65.040001,268.32001,C15H16N4O
TICT,2,0,2.7625301,33.950001,252.321,C15H16N4
TICT,1,0,3.0599999,20.309999,225.291,C15H15NO
TICT,2,0,2.204,40.619999,254.289,C15H14N2O2
TICT,0,0,3.8659999,49.060001,254.289,C15H14N2O2
TICT,3,2,3.207,64.25,251.09299,C15H14BNO2
TICT,0,0,3.2579999,44.009998,271.34,C15H13NO2S
TICT,1,0,3.322,20.309999,223.27499,C15H13NO
TICT,2,1,3.8840001,44.02,223.27499,C15H13NO
TICT,3,1,2.484,77.32,315.42099,C15H13N3OS2
TICT,2,1,2.29,60.16,223.23099,C14H9NO2
TICT,1,0,2.8469999,27.030001,220.36,C14H24N2
TICT,2,1,2.9389999,32.700001,233.31099,C14H19NO2
TICT,2,1,1.74492,55.459999,309.12399,C14H18BF2N3O2
TICT,1,0,2.8529999,29.540001,231.295,C14H17NO2
TICT,2,0,1.752,35.91,243.31,C14H17N3O
TICT,0,0,3.6700001,3.24,199.297,C14H17N
TICT,1,0,2.97,20.309999,213.28,C14H15NO
TICT,4,1,0.81800002,77.370003,285.30701,C14H15N5O2
TICT,3,2,2.28353,67.809998,255.30099,C14H15N4O+
TICT,1,1,3.855,24.110001,212.27199,C14H14NO+
TICT,3,3,2.20753,44.810001,238.29399,C14H14N4
TICT,3,2,1.99453,44.810001,238.29399,C14H14N4
TICT,0,0,3.7160001,49.060001,242.278,C14H14N2O2
TICT,1,0,3.4897599,29.540001,285.26498,C14H14F3NO2
TICT,2,2,3.359,40.459999,222.05099,C14H11BO2
TICT,3,1,1.895,58.529999,238.246,C14H10N2O2
TICT,3,2,3.5492899,41.57,263.22198,C13H8F3N3
TICT,2,2,2.786,40.540001,217.26799,C13H15NO2
TICT,1,0,2.809,29.540001,217.26799,C13H15NO2
TICT,2,1,1.557,44.700001,229.28299,C13H15N3O
TICT,0,0,2.2869999,7.1199999,396.24399,C13H15AuN2+
TICT,1,0,2.7690001,27.030001,198.269,C13H14N2
TICT,2,2,2.2925301,58.580002,225.27499,C13H13N4+
TICT,3,1,3.0009999,72.830002,248.23399,C13H12O5
TICT,1,1,1.373,32.34,212.252,C13H12N2O
TICT,1,2,2.2290001,55.119999,212.252,C13H12N2O
TICT,1,2,2.2679999,55.119999,212.252,C13H12N2O
TICT,1,2,2.2309999,55.119999,212.252,C13H12N2O
TICT,2,0,1.572,72.629997,210.21599,C12H8N3O-
TICT,1,0,2.918,3.24,179.30699,C12H21N
TICT,1,0,3.3770001,17.07,176.259,C12H16O
TICT,2,0,0.42399999,87.980003,278.29199,C12H16N5O3+
TICT,3,1,0.81199998,86.190002,266.32098,C12H14N2O3S
TICT,3,1,0.97899997,52.900002,218.256,C12H14N2O2
TICT,1,0,2.171,29.540001,203.241,C12H13NO2
TICT,1,0,2.4679999,29.540001,203.241,C12H13NO2
TICT,2,1,1.165,58.689999,215.256,C12H13N3O
TICT,2,0,1.8,46.610001,217.224,C12H11NO3
TICT,2,0,1.652,55.73,215.23199,C12H11N2O2-
TICT,3,0,2.3499999,89.07,278.35599,C12H10N2O2S2
TICT,1,0,2.80776,29.540001,257.211,C12H10F3NO2
TICT,1,1,2.88076,38.330002,257.211,C12H10F3NO2
TICT,1,0,2.5450001,28.719999,168.19899,C11H8N2
TICT,2,0,1.753,38.77,209.245,C11H15NO3
TICT,1,0,2.1029999,29.540001,193.246,C11H15NO2
TICT,1,1,1.715,69.290001,222.24399,C11H14N2O3
TICT,1,0,2.392,20.309999,175.231,C11H13NO
TICT,3,1,0.95599997,73.050003,268.36099,C11H12N2O2S2
TICT,2,0,1.023,40.619999,204.22899,C11H12N2O2
TICT,2,0,0.72500002,40.619999,194.23399,C10H14N2O2
TICT,2,0,1.739,29.540001,179.21899,C10H13NO2
TICT,1,0,1.762,29.540001,179.21899,C10H13NO2
TICT,0,0,2.1140001,49.060001,192.218,C10H12N2O2
TICT,4,2,-0.026000001,97.970001,250.282,C10H10N4O2S
TICT,5,3,4.9489999,83.639999,471.55698,C28H29N3O4
TICT,3,0,3.5829999,57.950001,423.496,C26H23N4O2
TICT,1,0,5.8390002,25.84,354.19199,C22H20FN2O+
TICT,1,1,3.826,53.400002,282.367,C17H20N2O
TICT,1,0,4.0900002,42.400002,296.39398,C18H22N2O
TICT,1,1,4.381,42.540001,296.39398,C18H22N2O
TICT,1,0,4.645,31.540001,310.42099,C19H24N2O
TICT,0,0,4.6539998,22.309999,280.39499,C18H22N2
TICT,3,1,1.781,71.050003,212.23199,C12H9N2O
TICT,6,0,14.292,97.75,849.008,C46H44N6O4S4
TICT,8,4,12.112,119.75,865.09601,C46H44N6O4S4
TICT,2,1,5.9089999,110.74,332.72699,C14H11ClN5O3+
TICT,4,0,13.122,45.150002,680.85999,C42H28N6S2
TICT,4,0,21.896,45.150002,1041.49,C64H68N6S4
TICT,0,1,8.9049997,58.889999,577.74896,C34H29N2O3S2-
PICT,2,1,1.293,96.769997,208.177,C8H8N4O3
PICT,2,1,2.108,83.629997,224.244,C8H8N4O2S
PICT,0,0,1.974,3.24,139.173,C8H10FN
PICT,7,2,19.379999,101.25,945.29797,C62H76N2O6
PICT,4,0,14.098,57.34,765.91699,C52H39N5O2
PICT,0,0,14.53592,26.469999,754.69196,C51H37BF2N4
PICT,0,0,14.457,3.24,627.81097,C46H29NS
PICT,6,0,11.94953,69.18,748.92798,C44H36N4O4S2
PICT,1,0,12.487,23.549999,604.75299,C44H32N2O
PICT,2,0,11.857,34.889999,600.72101,C44H28N2O
PICT,6,0,8.7530003,112.14,711.75397,C43H25N3O6S
PICT,7,2,10.256,101.25,664.758,C42H36N2O6
PICT,1,0,11.414,30.27,579.74701,C42H33N3
PICT,2,0,12.868,41.900002,658.84601,C42H30N2O2S2+2
PICT,0,0,13.014,6.48,556.75299,C41H36N2
PICT,2,0,12.621,21.700001,601.76996,C41H31NO2S
PICT,2,0,11.264,34.889999,548.64496,C40H24N2O
PICT,2,0,11.834,50.82,581.828,C39H39N3S
PICT,0,0,12.557,3.24,541.71802,C39H27NS
PICT,0,0,12.193,3.24,509.737,C38H39N
PICT,2,0,11.392,50.82,567.80096,C38H37N3S
PICT,3,0,8.4700003,60.470001,511.62799,C37H25N3
PICT,0,0,9.6440001,6.25,528.11896,C36H32ClN2+
PICT,1,0,11.899,16.129999,522.716,C36H30N2S
PICT,2,3,6.9109998,64.809998,530.64801,C34H32N3O3+
PICT,2,0,8.6870003,29.959999,463.57999,C34H25NO
PICT,2,0,9.198,39.07,475.547,C34H21NO2
PICT,4,3,9.4359999,72.410004,581.737,C33H29N2O4S2+
PICT,3,0,7.7680602,41.91,476.58298,C33H24N4
PICT,2,0,10.24492,12.47,515.367,C33H24BF2NO2
PICT,3,0,8.1370001,41.91,502.60098,C33H18N4S
PICT,4,3,4.0510001,65.040001,528.67297,C32H38N3O4+
PICT,1,0,10.214,27.030001,480.72,C32H36N2S
PICT,4,0,7.5300002,66.809998,509.64999,C32H35N3O3
PICT,6,0,10.50812,77.339996,548.65399,C32H16N6S2
PICT,1,0,9.7720003,27.030001,466.69299,C31H34N2S
PICT,2,0,7.5089998,35.91,457.577,C31H27N3O
PICT,4,3,9.0279999,76.07,584.76501,C31H26N3O3S3+
PICT,3,0,7.5009999,70.330002,467.57599,C31H25N5
PICT,2,0,7.7379999,52.509998,439.56198,C31H25N3
PICT,3,0,7.612,42.650002,468.56,C31H24N4O
PICT,2,0,10.965,25.780001,520.745,C31H24N2S3
PICT,2,0,10.784,25.780001,488.67899,C31H24N2S2
PICT,4,0,7.0240002,74.760002,520.60901,C31H24N2O4S
PICT,2,1,8.493,40.540001,473.59598,C31H23NO2S
PICT,0,0,7.7979999,6.25,453.67398,C30H33N2S+
PICT,1,0,7.1279202,46.150002,513.396,C30H30BF2N3O2
PICT,2,1,8.0939999,78.290001,479.556,C30H27N2O4+
PICT,2,1,7.3979201,49.200001,493.36499,C30H26BF2N3O
PICT,2,0,7.6560001,33.419998,438.534,C30H22N4
PICT,3,0,5.9889998,76.900002,490.58298,C30H22N2O3S
PICT,3,1,7.178,66.839996,459.50098,C30H21NO4
PICT,2,0,7.684,50.82,455.58499,C30H21N3S
PICT,3,0,7.1059999,61.740002,437.50198,C30H19N3O
PICT,1,1,5.7519999,32.470001,430.612,C29H36NO2+
PICT,1,0,6.3930001,9.4899998,424.612,C29H34N3+
PICT,3,0,4.5830002,76.150002,488.58398,C29H32N2O5
PICT,3,1,4.7620001,80.230003,485.58398,C29H31N3O4
PICT,3,1,6.5630002,66.480003,529.50098,C29H26N2O3Se
PICT,4,3,6.3909998,100.21,482.51199,C29H24NO6+
PICT,3,0,6.8189998,66.220001,477.58798,C29H23N3O2S
PICT,1,0,7.9629998,16.129999,398.509,C29H22N2
PICT,2,0,6.8130002,55.84,447.48999,C29H21NO4
PICT,4,0,6.9567399,37.830002,490.672,C28H34N4O2S
PICT,2,0,5.3665299,32.259998,484.69199,C28H28N4S2
PICT,2,0,4.9650002,63.290001,434.543,C28H26N4O
PICT,1,1,9.9910002,27.99,470.66098,C28H26N2OS2+2
PICT,1,0,6.47892,46.150002,485.34198,C28H26BF2N3O2
PICT,2,1,5.4489999,59,439.51099,C28H25NO4
PICT,4,2,4.9349999,97.349998,451.526,C28H25N3O3
PICT,3,3,6.171,69.769997,438.50299,C28H24NO4+
PICT,6,1,4.4819999,138.21001,478.508,C28H22N4O4
PICT,1,0,8.882,16.129999,450.63,C28H22N2S2
PICT,3,2,7.5650001,41.57,429.547,C28H19N3S
PICT,3,1,5.6479998,74.199997,429.53998,C27H29N2O3+
PICT,1,2,5.8299999,49.259998,397.54199,C27H29N2O+
PICT,3,0,4.7189999,76.150002,460.53,C27H28N2O5
PICT,2,0,7.0029998,36.029999,393.50998,C27H25N2O+
PICT,3,0,5.6739998,53.509998,419.48398,C27H21N3O2
PICT,3,0,6.2459998,51.02,416.48398,C27H20N4O
PICT,3,1,7.1669998,56.380001,388.47,C27H20N2O
PICT,2,0,7.0749998,31.23,389.45398,C27H19NO2
PICT,2,1,6.4380002,45.23,401.46899,C27H19N3O
PICT,2,1,6.0320001,45.23,401.46899,C27H19N3O
PICT,2,0,7.3639998,24.719999,434.58701,C27H18N2S2
PICT,3,1,4.9640002,86.269997,418.452,C27H18N2O3
PICT,1,0,7.0710001,17.82,370.45499,C27H18N2
PICT,3,0,5.5349998,67.889999,431.51898,C27H17N3OS
PICT,3,0,8.5889997,38.77,595.31097,C27H17Br2NO3S
PICT,4,1,6.0419998,89.93,445.50198,C27H15N3O2S
PICT,3,0,5.8909998,69.669998,418.40399,C27H14O5
PICT,5,0,6.4889202,66.459999,498.31,C26H27BF2NO6-
PICT,5,0,6.15592,57.23,497.302,C26H26BF2NO6
PICT,5,1,3.2620001,106.58,443.50299,C26H25N3O4
PICT,2,3,5.9749999,79.699997,413.49698,C26H25N2O3+
PICT,3,1,4.796,77.040001,396.48999,C26H24N2O2
PICT,2,1,6.1779199,49.200001,443.30499,C26H24BF2N3O
PICT,3,1,5.7049999,76.07,427.45599,C26H21NO5
PICT,1,0,6.4939198,42.91,442.27298,C26H21BF2N2O2
PICT,4,2,5.2160001,72.050003,406.44098,C26H18N2O3
PICT,3,2,6.3709998,64.330002,422.508,C26H18N2O2S
PICT,3,1,3.3499999,113.79,431.45499,C26H17N5O2
PICT,3,3,4.9289999,88.150002,417.509,C25H27N3O3
PICT,0,0,6.9320002,48.830002,385.487,C25H25N2O2+
PICT,1,1,5.9250002,23.24,386.539,C25H24NOS+
PICT,1,0,6.6389999,24.83,366.46399,C25H22N2O+2
PICT,2,0,5.994,33.419998,376.46298,C25H20N4
PICT,1,0,7.6750002,22,347.41699,C25H17NO
PICT,2,1,6.4980001,49.5,408.48099,C25H16N2O2S
PICT,1,1,5.704,36.610001,360.47699,C24H26NO2+
PICT,1,0,7.0799999,16.129999,372.53598,C24H24N2S
PICT,1,1,6.9879999,33.34,388.51099,C24H22NO2S+
PICT,2,0,5.3590002,42.43,370.452,C24H22N2O2
PICT,1,1,6.2639999,27.99,354.453,C24H22N2O+2
PICT,6,6,4.9099998,115.06,404.418,C24H20O6
PICT,7,2,3.65874,111.67,476.513,C24H20N4O5S
PICT,1,0,6.7129998,24.83,352.43698,C24H20N2O+2
PICT,2,0,5.7839999,36.259998,352.43698,C24H20N2O
PICT,1,0,6.085,27.030001,336.43799,C24H20N2
PICT,3,0,4.5229998,52.599998,370.40399,C24H18O4
PICT,1,1,7.9520001,24.110001,368.47998,C24H18NOS+
PICT,1,0,6.8109999,26.299999,336.38998,C24H16O2
PICT,3,2,3.6800001,45.75,348.405,C24H16N2O
PICT,1,0,8.467,20.950001,398.89301,C24H13ClNOS+
PICT,7,0,1.793,91.970001,440.5,C23H28N4O5
PICT,1,1,4.1490002,31.65,362.49698,C23H28N3O+
PICT,0,0,4.6890001,6.48,332.491,C23H28N2
PICT,3,1,4.217,71.050003,361.48898,C23H27N3O
PICT,3,1,4.1789999,41.57,360.457,C23H24N2O2
PICT,1,0,4.369,20.309999,329.44299,C23H23NO
PICT,1,0,6.3930001,33.419998,391.51498,C23H23N2O2S+
PICT,2,1,5.098,36.580002,359.44901,C23H23N2O2+
PICT,3,1,4.5609999,60.849998,372.42398,C23H20N2O3
PICT,4,2,5.1859999,76.610001,356.42499,C23H20N2O2
PICT,3,1,4.204,56.380001,340.42599,C23H20N2O
PICT,2,1,4.7680001,59,373.40799,C23H19NO4
PICT,1,0,6.5710001,20.309999,355.461,C23H17NOS
PICT,2,1,7.7249999,37,401.534,C23H17N2OS2+
PICT,4,1,4.0390601,86.980003,428.54001,C23H16N4OS2
PICT,1,0,7.2810001,12.89,337.44598,C23H15NS
PICT,1,0,7.0840001,22,353.44501,C23H15NOS
PICT,4,1,4.0310001,85.629997,362.392,C23H14N4O
PICT,4,1,3.914,89.93,363.37598,C23H13N3O2
PICT,1,1,4.9530001,32.34,334.46298,C22H26N2O
PICT,3,1,3.8770001,66.839996,365.42899,C22H23NO4
PICT,1,1,6.0799999,27.35,363.505,C22H23N2OS+
PICT,4,1,3.299,104.07,374.444,C22H22N4O2
PICT,4,1,2.99,67.870003,378.42798,C22H22N2O4
PICT,1,0,4.5739999,20.309999,315.41599,C22H21NO
PICT,6,1,5.58566,57.150002,430.211,C22H21BF2O6
PICT,3,1,3.954,62.66,360.41299,C22H20N2O3
PICT,3,2,5.9029999,52.82,329.39899,C22H19NO2
PICT,5,5,4.0009999,86.209999,358.397,C22H18N2O3
PICT,5,4,3.7449999,82.029999,355.397,C22H17N3O2
PICT,3,0,4.8709998,43.369999,328.367,C22H16O3
PICT,4,4,4.9879999,65.980003,340.38199,C22H16N2O2
PICT,4,3,4.9650002,65.980003,340.38199,C22H16N2O2
PICT,4,4,4.5310001,65.980003,378.37799,C22H16F2N2O2
PICT,3,2,5.4819999,45.75,322.367,C22H14N2O
PICT,5,2,4.0999999,79.889999,352.349,C22H12N2O3
PICT,2,0,4.5050001,29.540001,321.41998,C21H23NO2
PICT,0,1,4.5430002,42.400002,319.42798,C21H23N2O+
PICT,1,0,5.3670001,17.07,290.40601,C21H22O
PICT,4,1,3.6700001,66.839996,350.418,C21H22N2O3
PICT,6,2,3.7179999,93.059998,368.38498,C21H20O6
PICT,2,0,3.819,40.84,344.418,C21H20N4O
PICT,1,1,4.5510001,45.330002,332.40298,C21H20N2O2
PICT,1,0,5.2690001,16.129999,300.405,C21H20N2
PICT,1,0,5.2690001,16.129999,300.405,C21H20N2
PICT,1,0,5.105,20.309999,333.45499,C21H19NOS
PICT,2,2,4.1890001,40.540001,317.388,C21H19NO2
PICT,4,2,2.7019999,109.57,409.466,C21H19N3O4S
PICT,2,2,4.9720001,31.92,313.40399,C21H19N3
PICT,4,0,2.823,66.400002,358.401,C21H18N4O2
PICT,0,0,6.473,3.8800001,284.38199,C21H18N+
PICT,4,2,3.609,90.629997,396.82999,C21H17ClN2O4
PICT,4,0,5.8119202,73.809998,414.168,C21H17BF2O6-2
PICT,4,3,4.4250002,83.830002,346.33798,C21H14O5
PICT,2,0,4.901,50.09,311.34,C21H13NO2
PICT,1,0,4.9650002,20.309999,291.39398,C20H21NO
PICT,3,1,2.5969999,53.009998,336.39099,C20H20N2O3
PICT,4,1,3.181,84.879997,320.392,C20H20N2O2
PICT,3,0,3.849,56.810001,304.39301,C20H20N2O
PICT,2,1,4.8829999,49.209999,349.45801,C20H19N3OS
PICT,3,2,4.3200002,44.810001,314.392,C20H18N4
PICT,4,1,3.5469999,84.879997,318.37601,C20H18N2O2
PICT,1,1,4.1539202,54.939999,381.19,C20H18BF2N3O2
PICT,3,1,3.7449999,76.07,351.358,C20H17NO5
PICT,2,0,5.2870002,29.02,378.34,C20H17N3Se
PICT,2,0,4.836,30.18,299.37698,C20H17N3
PICT,3,1,3.471,61.490002,333.367,C20H17N2O3+
PICT,0,1,5.8920002,12.03,271.36301,C20H17N
PICT,2,1,3.0639999,100.98,398.41498,C20H16NO6S-
PICT,2,0,5.2220001,74.839996,423.33698,C20H16N4O2Se
PICT,4,1,1.466,107.19,357.44101,C20H15N5S
PICT,4,1,4.4089999,58.900002,345.42599,C20H15N3OS
PICT,4,3,5.2420001,61.27,313.35999,C20H15N3O
PICT,1,0,5.152,29.27,330.41098,C20H14N2OS
PICT,4,1,3.599,77.040001,314.34399,C20H14N2O2
PICT,2,1,4.296,65.879997,314.34399,C20H14N2O2
PICT,2,1,3.3889999,82.830002,311.34399,C20H13N3O
PICT,1,0,6.9587598,12.89,355.383,C20H12F3NS
PICT,3,0,4.4860001,65.489998,361.37698,C20H11NO4S
PICT,3,2,4.6370001,61.09,297.31299,C20H11NO2
PICT,2,0,4.6989999,95.639999,373.392,C20H11N3O3S
PICT,2,0,3.9760001,40.619999,312.41299,C19H24N2O2
PICT,4,1,1.035,64.089996,339.39499,C19H21N3O3
PICT,3,0,3.2720001,49.150002,307.397,C19H21N3O
PICT,2,0,5.053,25.360001,324.448,C19H20N2OS
PICT,4,2,1.658,96.379997,372.37698,C19H20N2O6
PICT,1,0,3.9289999,20.309999,277.367,C19H19NO
PICT,4,0,3.8269999,44.759998,310.349,C19H18O4
PICT,2,0,4.5110002,26.299999,278.35098,C19H18O2
PICT,1,0,4.8530002,17.07,262.35199,C19H18O
PICT,1,1,5.6199999,24.110001,276.35898,C19H18NO+
PICT,3,2,3.296,83.029999,350.37799,C19H18N4O3
PICT,1,0,4.4889998,16.129999,274.367,C19H18N2
PICT,2,1,3.7160001,49.77,307.349,C19H17NO3
PICT,1,0,5.0040002,20.309999,275.35098,C19H17NO
PICT,2,0,3.7060001,70.639999,289.358,C19H17N2O-
PICT,2,1,5.1532898,55.040001,358.367,C19H17F3N4
PICT,1,0,5.2020001,20.309999,273.33499,C19H15NO
PICT,5,3,2.0150001,143.92,346.34598,C19H14N4O3
PICT,3,1,3.227,72.629997,318.332,C19H14N2O3
PICT,3,0,4.6950002,39.189999,287.31799,C19H13NO2
PICT,2,0,4.152,39.07,287.31799,C19H13NO2
PICT,1,1,5.4660001,32.860001,271.319,C19H13NO
PICT,5,0,2.4895301,87.519997,327.34698,C19H13N5O
PICT,2,0,6.026,24.719999,403.35699,C19H12Cl2N2S2
PICT,1,0,5.1880002,22,269.30298,C19H11NO
PICT,2,0,4.9899998,52.599998,383.19699,C19H11BrO4
PICT,5,2,2.9089999,110.13,350.28198,C19H10O7
PICT,3,0,3.451,69.669998,318.284,C19H10O5
PICT,2,0,3.5339999,40.619999,298.38599,C18H22N2O2
PICT,2,0,3.7160001,55.84,315.36899,C18H21NO4
PICT,1,0,5.2340002,20.309999,265.35599,C18H19NO
PICT,5,1,1.424,70.080002,326.35199,C18H18N2O4
PICT,1,0,3.8039999,20.309999,263.34,C18H17NO
PICT,2,0,3.342,50.82,275.35498,C18H17N3
PICT,1,0,5.3839998,17.07,280.39099,C18H16OS
PICT,2,0,5.0419998,26.299999,296.38998,C18H16O2S
PICT,2,3,3.631,53.849998,289.33798,C18H15N3O
PICT,2,0,3.7639999,50.82,303.38901,C18H13N3S
PICT,4,1,2.6670001,100.83,303.32098,C18H13N3O2
PICT,2,0,6.677,25.780001,352.50601,C18H12N2S3
PICT,4,2,5.4889998,66.239998,320.37201,C18H12N2O2S
PICT,1,0,4.8429999,29.540001,277.40799,C17H27NO2
PICT,0,0,4.1040001,16.379999,256.36899,C17H22NO+
PICT,2,0,3.8180001,26.299999,256.345,C17H20O2
PICT,1,0,3.6830001,20.309999,253.345,C17H19NO
PICT,5,1,2.2887399,79.739998,314.341,C17H18N2O4
PICT,3,0,2.2049999,57.689999,330.40799,C17H18N2O3S
PICT,2,0,3.0999999,53.330002,282.34299,C17H18N2O2
PICT,1,1,4.474,48.02,266.34399,C17H18N2O
PICT,3,0,3.90292,38.77,349.14099,C17H18BF2NO4
PICT,3,2,3.3989999,60.77,283.327,C17H17NO3
PICT,1,0,4.0450001,29.540001,299.39398,C17H17NO2S
PICT,2,2,3.7509999,40.540001,267.328,C17H17NO2
PICT,1,0,3.9460001,20.309999,251.32899,C17H17NO
PICT,0,0,4.01092,16.610001,298.14398,C17H17BF2N2
PICT,4,2,2.2820001,90.629997,312.32498,C17H16N2O4
PICT,2,1,3.523,47.259998,264.328,C17H16N2O
PICT,1,0,4.085,27.030001,248.32899,C17H16N2
PICT,1,0,4.335,20.309999,281.379,C17H15NOS
PICT,2,1,2.1229999,53.169998,278.311,C17H14N2O2
PICT,1,0,4.5029998,16.129999,276.36301,C17H12N2S
PICT,2,0,4.8145299,25.780001,276.36301,C17H12N2S
PICT,3,1,2.816,77.040001,276.29498,C17H12N2O2
PICT,3,1,2.5190001,77.040001,276.29498,C17H12N2O2
PICT,3,3,4.105,48.91,260.29599,C17H12N2O
PICT,2,1,5.1479998,33.119999,277.34698,C17H11NOS
PICT,3,1,4.1609998,59.419998,309.345,C17H11NO3S
PICT,2,0,5.3629198,43.919998,357.14398,C17H10BF2NO3S
PICT,3,1,3.904,59.419998,295.31799,C16H9NO3S
PICT,3,1,1.902,76.68,259.26801,C16H9N3O
PICT,3,1,3.1110001,72.830002,280.23499,C16H8O5
PICT,1,0,2.40292,35.23,319.16299,C16H20BF2N3O
PICT,2,1,2.704,40.540001,289.39899,C16H19NO2S
PICT,3,1,0.62599999,61.880001,301.34601,C16H19N3O3
PICT,3,1,1.538,74.290001,282.34698,C16H18N4O
PICT,1,0,3.675,40.130001,241.31,C16H17O2-
PICT,1,0,2.865,29.540001,255.317,C16H17NO2
PICT,1,0,3.2409999,20.309999,239.31799,C16H17NO
PICT,3,3,2.8515301,44.810001,264.332,C16H16N4
PICT,2,1,3.0139999,63.400002,268.31598,C16H16N2O2
PICT,0,0,4.8109999,3.8800001,222.31099,C16H16N+
PICT,3,2,2.244,66.839996,285.29898,C16H15NO4
PICT,2,0,3.4960001,46.610001,301.366,C16H15NO3S
PICT,3,1,3.378,57.610001,269.29999,C16H15NO3
PICT,2,0,3.4990001,60.439999,268.29199,C16H14NO3-
PICT,4,1,1.65,98.93,314.297,C16H14N2O5
PICT,4,1,1.469,70.080002,298.298,C16H14N2O4
PICT,2,0,3.9449999,37.380001,283.35098,C16H13NO2S
PICT,2,1,2.1270001,68.839996,263.29999,C16H13N3O
PICT,2,1,2.9030001,60.110001,263.29999,C16H13N3O
PICT,6,5,2.5999999,118.22,300.26599,C16H12O6
PICT,3,0,3.131,56.810001,248.28499,C16H12N2O
PICT,3,1,4.4190001,50.189999,281.33499,C16H11NO2S
PICT,2,0,3.3210001,29.02,277.35098,C16H11N3S
PICT,4,3,2.8340001,83.830002,282.25101,C16H10O5
PICT,3,1,3.902,56.91,278.33499,C16H10N2OS
PICT,4,1,3.776,67.260002,283.30701,C15H9NO3S
PICT,4,2,2.6340001,85.480003,263.25598,C15H9N3O2
PICT,3,0,2.257,64.650002,230.226,C15H6N2O
PICT,2,0,1.58092,44.459999,321.13498,C15H18BF2N3O2
PICT,2,2,2.4460001,40.540001,243.306,C15H17NO2
PICT,1,0,3.4449999,20.309999,227.30699,C15H17NO
PICT,2,1,2.777,56.84,256.30499,C15H16N2O2
PICT,1,0,3.1930001,16.129999,224.30699,C15H16N2
PICT,1,0,2.8210001,29.540001,241.28999,C15H15NO2
PICT,2,2,3.3599999,40.540001,241.28999,C15H15NO2
PICT,1,0,3.7079999,20.309999,225.291,C15H15NO
PICT,2,0,3,35.529999,242.27399,C15H14O3
PICT,3,2,3.5945301,41.57,255.29599,C15H14FN3
PICT,1,0,3.9809999,20.309999,255.341,C15H13NOS
PICT,2,0,3.2219999,37.380001,271.34,C15H13NO2S
PICT,3,0,1.418,55.32,267.28799,C15H13N3O2
PICT,1,1,3.69292,36.84,286.08899,C15H13BF2N2O
PICT,5,3,1.574,94.910004,285.255,C15H11NO5
PICT,3,1,4.1469998,50.189999,269.32401,C15H11NO2S
PICT,3,1,1.725,58.529999,282.323,C15H10N2O2S
PICT,1,0,3.1470001,70.309998,287.29498,C14H9NO4S
PICT,4,2,3.5409999,70.419998,271.29599,C14H9NO3S
PICT,3,1,3.1800001,61.09,223.23099,C14H9NO2
PICT,3,2,2.346,75.629997,261.27701,C14H15NO4
PICT,1,0,4.27492,30.52,288.10901,C14H15BF2N4
PICT,3,0,1.956,42.43,242.278,C14H14N2O2
PICT,1,1,3.1730001,35.82,208.26399,C14H12N2
PICT,2,1,4.4790001,33.119999,273.38,C14H11NOS2
PICT,3,3,2.302,87.709999,253.261,C14H11N3O2
PICT,3,1,2.1140001,72.559998,243.21799,C13H9NO4
PICT,1,1,2.7349999,43.09,195.22099,C13H9NO
PICT,4,1,3.5009999,107.84,271.23199,C13H9N3O4
PICT,1,0,3.411,26.299999,228.271,C13H8O2S
PICT,2,1,2.5799999,49.77,233.267,C13H15NO3
PICT,1,0,3.1170001,20.309999,231.319,C13H13NOS
PICT,3,3,2.0195301,78.809998,241.274,C13H13N4O+
PICT,3,2,0.80199999,78.510002,259.26498,C13H13N3O3
PICT,1,0,4.6579199,27.280001,259.06699,C13H12BF2N3
PICT,1,1,2.9300001,42.09,213.23599,C13H11NO2
PICT,1,1,3.006,42.09,213.23599,C13H11NO2
PICT,1,0,3.8340001,17.07,278.42001,C13H10OS3
PICT,4,1,1.146,80.669998,246.21799,C13H10O5
PICT,4,1,1.451,69.800003,211.224,C12H9N3O
PICT,2,1,2.062,69.389999,213.192,C12H7NO3
PICT,1,0,2.3180001,20.309999,189.258,C12H15NO
PICT,3,1,2.158,57.610001,219.23999,C12H13NO3
PICT,2,1,2.0439999,37.299999,188.226,C12H12O2
PICT,2,2,2.8169999,44.080002,171.19899,C11H9NO
PICT,3,1,1.834,63.599998,204.181,C11H8O4
PICT,3,0,3.0599999,39.189999,221.64299,C11H8ClNO2
PICT,1,0,3.1907599,26.299999,228.16899,C11H7F3O2
PICT,2,2,2.142,40.540001,191.23,C11H13NO2
PICT,1,1,1.584,52.32,175.187,C10H9NO2
PICT,2,0,1.252,50.82,171.203,C10H9N3
PICT,0,2,0.625,103.25,237.259,C10H9N2O3S-
PICT,2,1,1.948,46.529999,176.17099,C10H8O3
PICT,4,2,2.0739999,62.82,347.99399,C10H8Br2N2O2
PICT,3,1,2.796,50.189999,207.616,C10H6ClNO2
PICT,3,1,2.313,63.599998,224.599,C10H5ClO4
PICT,2,1,2.349,96.769997,236.231,C10H12N4O3
PICT,0,1,3.385,45.09,224.287,C14H14N2
PICT,0,0,4.0570002,19.07,209.27199,C14H13N
PICT,3,0,3.026,105.31,383.41199,C17H16N6O3S+
PICT,4,1,3.1300001,95.889999,343.37,C18H10N5OS-
PICT,1,1,3.8510001,87.139999,345.37799,C21H17N2O3+
PICT,0,0,2.6489999,17.379999,187.26599,C12H14N+
PICT,0,1,1.275,243.52,531.45398,C21H11N2O11S23-
PICT,2,1,2.9260001,87.139999,347.39398,C21H19N2O3+
